,Company,Product,Inches,Cpu,Ram,Weight,Price_euros
0,Apple,MacBook Pro,13.3,Intel Core i5 2.3GHz,8GB,1.37kg,1339.69
1,Apple,Macbook Air,13.3,Intel Core i5 1.8GHz,8GB,1.34kg,898.94
2,HP,250 G6,15.6,Intel Core i5 7200U 2.5GHz,8GB,1.86kg,575.0
3,Apple,MacBook Pro,15.4,Intel Core i7 2.7GHz,16GB,1.83kg,2537.45
4,Apple,MacBook Pro,13.3,Intel Core i5 3.1GHz,8GB,1.37kg,1803.6
5,Acer,Aspire 3,15.6,AMD A9-Series 9420 3GHz,4GB,2.1kg,400.0
6,Apple,MacBook Pro,15.4,Intel Core i7 2.2GHz,16GB,2.04kg,2139.97
7,Apple,Macbook Air,13.3,Intel Core i5 1.8GHz,8GB,1.34kg,1158.7
8,Asus,ZenBook UX430UN,14.0,Intel Core i7 8550U 1.8GHz,16GB,1.3kg,1495.0
9,Acer,Swift 3,14.0,Intel Core i5 8250U 1.6GHz,8GB,1.6kg,770.0
10,HP,250 G6,15.6,Intel Core i5 7200U 2.5GHz,4GB,1.86kg,393.9
11,HP,250 G6,15.6,Intel Core i3 6006U 2GHz,4GB,1.86kg,344.99
12,Apple,MacBook Pro,15.4,Intel Core i7 2.8GHz,16GB,1.83kg,2439.97
13,Dell,Inspiron 3567,15.6,Intel Core i3 6006U 2GHz,4GB,2.2kg,498.9
14,Apple,"MacBook 12""",12.0,Intel Core M m3 1.2GHz,8GB,0.92kg,1262.4
15,Apple,MacBook Pro,13.3,Intel Core i5 2.3GHz,8GB,1.37kg,1518.55
16,Dell,Inspiron 3567,15.6,Intel Core i7 7500U 2.7GHz,8GB,2.2kg,745.0
17,Apple,MacBook Pro,15.4,Intel Core i7 2.9GHz,16GB,1.83kg,2858.0
18,Lenovo,IdeaPad 320-15IKB,15.6,Intel Core i3 7100U 2.4GHz,8GB,2.2kg,499.0
19,Dell,XPS 13,13.3,Intel Core i5 8250U 1.6GHz,8GB,1.22kg,979.0
20,Asus,Vivobook E200HA,11.6,Intel Atom x5-Z8350 1.44GHz,2GB,0.98kg,191.9
21,Lenovo,Legion Y520-15IKBN,15.6,Intel Core i5 7300HQ 2.5GHz,8GB,2.5kg,999.0
22,HP,255 G6,15.6,AMD E-Series E2-9000e 1.5GHz,4GB,1.86kg,258.0
23,Dell,Inspiron 5379,13.3,Intel Core i5 8250U 1.6GHz,8GB,1.62kg,819.0
24,HP,15-BS101nv ,15.6,Intel Core i7 8550U 1.8GHz,8GB,1.91kg,659.0
25,Dell,Inspiron 3567,15.6,Intel Core i3 6006U 2GHz,4GB,2.3kg,418.64
26,Apple,MacBook Air,13.3,Intel Core i5 1.6GHz,8GB,1.35kg,1099.0
27,Dell,Inspiron 5570,15.6,Intel Core i5 8250U 1.6GHz,8GB,2.2kg,800.0
28,Dell,Latitude 5590,15.6,Intel Core i7 8650U 1.9GHz,8GB,1.88kg,1298.0
29,HP,ProBook 470,17.3,Intel Core i5 8250U 1.6GHz,8GB,2.5kg,896.0
30,Chuwi,"LapBook 15.6""",15.6,Intel Atom x5-Z8300 1.44GHz,4GB,1.89kg,244.99
31,Asus,E402WA-GA010T ,14.0,AMD E-Series E2-6110 1.5GHz,2GB,1.65kg,199.0
32,HP,17-ak001nv ,17.3,AMD A6-Series 9220 2.5GHz,4GB,2.71kg,439.0
33,Dell,XPS 13,13.3,Intel Core i7 8550U 1.8GHz,16GB,1.2kg,1869.0
34,Apple,MacBook Air,13.3,Intel Core i5 1.6GHz,8GB,1.35kg,998.0
35,Lenovo,IdeaPad 120S-14IAP,14.0,Intel Celeron Dual Core N3350 1.1GHz,4GB,1.44kg,249.0
36,Acer,Aspire 3,15.6,Intel Core i3 7130U 2.7GHz,4GB,2.1kg,367.0
37,Dell,Inspiron 5770,17.3,Intel Core i5 8250U 1.6GHz,8GB,2.8kg,979.0
38,HP,250 G6,15.6,Intel Core i5 7200U 2.5GHz,4GB,1.86kg,488.69
39,HP,ProBook 450,15.6,Intel Core i5 8250U 1.6GHz,8GB,2.1kg,879.0
40,Asus,X540UA-DM186 ,15.6,Intel Core i3 6006U 2GHz,4GB,2kg,389.0
41,Dell,Inspiron 7577,15.6,Intel Core i7 7700HQ 2.8GHz,16GB,2.65kg,1499.0
42,Asus,X542UQ-GO005 ,15.6,Intel Core i5 7200U 2.5GHz,8GB,2.3kg,522.99
43,Acer,Aspire A515-51G,15.6,Intel Core i5 8250U 1.6GHz,4GB,2.2kg,682.0
44,Dell,Inspiron 7773,17.3,Intel Core i5 8250U 1.6GHz,12GB,2.77kg,999.0
45,Apple,MacBook Pro,13.3,Intel Core i5 2.0GHz,8GB,1.37kg,1419.0
46,Lenovo,IdeaPad 320-15ISK,15.6,Intel Core i3 6006U 2GHz,4GB,2.2kg,369.0
47,Asus,Rog Strix,17.3,AMD Ryzen 1700 3GHz,8GB,3.2kg,1299.0
48,Dell,Inspiron 3567,15.6,Intel Core i5 7200U 2.5GHz,4GB,2.3kg,639.0
49,Asus,X751NV-TY001T ,17.3,Intel Pentium Quad Core N4200 1.1GHz,4GB,2.8kg,466.0
50,Lenovo,Yoga Book,10.1,Intel Atom x5-Z8550 1.44GHz,4GB,0.69kg,319.0
51,Acer,Aspire A515-51G,15.6,Intel Core i7 8550U 1.8GHz,8GB,2.2kg,841.0
52,HP,255 G6,15.6,AMD A6-Series 9220 2.5GHz,4GB,1.86kg,398.49
53,HP,ProBook 430,13.3,Intel Core i7 8550U 1.8GHz,8GB,1.49kg,1103.0
54,Acer,Aspire 3,15.6,Intel Core i3 7100U 2.4GHz,4GB,2.4kg,384.0
55,Dell,Inspiron 3576,15.6,Intel Core i7 8550U 1.8GHz,8GB,2.13kg,767.8
56,HP,15-bs002nv ,15.6,Intel Core i3 6006U 2GHz,4GB,1.91kg,439.0
57,Asus,VivoBook Max,15.6,Intel Core i5 7200U 2.5GHz,4GB,2kg,586.19
58,MSI,GS73VR 7RG,17.3,Intel Core i7 7700HQ 2.8GHz,16GB,2.43kg,2449.0
59,Asus,X541UA-DM1897 ,15.6,Intel Core i3 6006U 2GHz,4GB,2kg,415.0
60,Dell,Inspiron 5770,17.3,Intel Core i7 8550U 1.8GHz,16GB,2.8kg,1299.0
61,Dell,Vostro 5471,14.0,Intel Core i5 8250U 1.6GHz,8GB,1.7kg,879.0
62,Lenovo,IdeaPad 520S-14IKB,14.0,Intel Core i3 7130U 2.7GHz,8GB,1.7kg,599.0
63,Asus,UX410UA-GV350T ,14.0,Intel Core i5 8250U 1.6GHz,8GB,1.4kg,941.0
64,HP,250 G6,15.6,Intel Core i5 7200U 2.5GHz,8GB,1.86kg,690.0
65,Asus,ZenBook Pro,15.6,Intel Core i7 7700HQ 2.8GHz,16GB,1.8kg,1983.0
66,HP,250 G6,15.6,Intel Core i3 6006U 2GHz,4GB,1.86kg,438.69
67,HP,Stream 14-AX040wm,14.0,Intel Celeron Dual Core N3060 1.6GHz,4GB,1.44kg,229.0
68,Lenovo,V310-15ISK ,15.6,Intel Core i5 7200U 2.5GHz,4GB,1.9kg,549.0
69,Asus,FX753VE-GC093 ,17.3,Intel Core i7 7700HQ 2.8GHz,12GB,3kg,949.0
70,Microsoft,Surface Laptop,13.5,Intel Core i5 7200U 2.5GHz,4GB,1.252kg,1089.0
71,Dell,Inspiron 5370,13.3,Intel Core i7 8550U 1.8GHz,8GB,1.4kg,955.0
72,Dell,Inspiron 5570,15.6,Intel Core i7 8550U 1.8GHz,8GB,2.2kg,870.0
73,MSI,GL72M 7RDX,17.3,Intel Core i5 7300HQ 2.5GHz,8GB,2.7kg,1095.0
74,Acer,Aspire E5-475,14.0,Intel Core i3 6006U 2GHz,8GB,2.1kg,389.0
75,Asus,FX503VD-E4022T ,15.6,Intel Core i7 7700HQ 2.8GHz,8GB,2.2kg,949.0
76,Lenovo,IdeaPad 320-15IKBN,15.6,Intel Core i5 7200U 2.5GHz,8GB,2.2kg,519.0
77,Dell,Inspiron 5570,15.6,Intel Core i7 8550U 1.8GHz,8GB,2.02kg,855.0
78,Acer,Aspire A515-51G-32MX,15.6,Intel Core i3 7130U 2.7GHz,4GB,2.2kg,530.0
79,HP,ProBook 470,17.3,Intel Core i5 8250U 1.6GHz,8GB,2.5kg,977.0
80,Dell,Latitude 5590,15.6,Intel Core i5 8250U 1.6GHz,8GB,1.88kg,1096.16
81,Apple,"MacBook 12""",12.0,Intel Core i5 1.3GHz,8GB,0.92kg,1510.0
82,HP,ProBook 440,14.0,Intel Core i5 8250U 1.6GHz,8GB,1.63kg,860.0
83,Lenovo,IdeaPad 320-15AST,15.6,AMD A6-Series 9220 2.5GHz,4GB,2.2kg,399.0
84,Acer,Aspire 3,15.6,AMD A9-Series 9420 3GHz,4GB,2.1kg,395.0
85,Dell,Inspiron 7577,15.6,Intel Core i7 7700HQ 2.8GHz,16GB,2.65kg,1349.0
86,HP,Pavilion 15-CK000nv,15.6,Intel Core i7 8550U 1.8GHz,8GB,1.83kg,699.0
87,HP,250 G6,15.6,Intel Core i5 7200U 2.5GHz,8GB,1.96kg,598.99
88,Asus,FX503VM-E4007T ,15.6,Intel Core i7 7700HQ 2.8GHz,16GB,2.2kg,1449.0
89,Dell,XPS 13,13.3,Intel Core i7 8550U 1.8GHz,8GB,1.21kg,1649.0
90,Asus,FX550IK-DM018T ,15.6,AMD FX 9830P 3GHz,8GB,2.45kg,699.0
91,Acer,Aspire 5,15.6,Intel Core i7 8550U 1.8GHz,8GB,2.2kg,689.0
92,HP,Probook 430,13.3,Intel Core i7 8550U 1.8GHz,16GB,1.49kg,1197.0
93,Dell,Inspiron 7577,15.6,Intel Core i5 7300HQ 2.5GHz,8GB,2.65kg,1195.0
94,Asus,Zenbook UX430UA,14.0,Intel Core i7 7500U 2.7GHz,8GB,1.25kg,1049.0
95,Acer,Spin 5,13.3,Intel Core i5 8250U 1.6GHz,8GB,1.5kg,847.0
96,Dell,Inspiron 3567,15.6,Intel Core i7 7500U 2.7GHz,8GB,2.2kg,599.9
97,Dell,Inspiron 3567,15.6,Intel Core i3 6006U 2GHz,4GB,2.2kg,485.0
98,Asus,X541UV-DM1439T ,15.6,Intel Core i3 7100U 2.4GHz,6GB,2kg,577.0
99,HP,Omen 15-ce007nv,15.6,Intel Core i7 7700HQ 2.8GHz,12GB,2.62kg,1249.0
100,HP,15-bs017nv ,15.6,Intel Core i7 7500U 2.7GHz,8GB,1.91kg,719.0
101,HP,15-bw000nv ,15.6,AMD E-Series E2-9000e 1.5GHz,4GB,2.1kg,349.0
102,Dell,Inspiron 3576,15.6,Intel Core i5 8250U 1.6GHz,8GB,2.2kg,647.0
103,HP,Envy 13-ad009n,13.3,Intel Core i7 7500U 2.7GHz,8GB,1.38kg,1119.0
104,Microsoft,Surface Laptop,13.5,Intel Core i5 7200U 2.5GHz,8GB,1.252kg,1340.0
105,HP,Pavilion 14-BK001nv,14.0,Intel Core i5 7200U 2.5GHz,6GB,1.58kg,659.0
106,Lenovo,Ideapad 310-15ISK,15.6,Intel Core i3 6006U 2GHz,4GB,1.85kg,414.9
107,Asus,UX430UQ-GV209R ,14.0,Intel Core i7 7500U 2.7GHz,8GB,1.3kg,1193.0
108,MSI,GP62M 7REX,15.6,Intel Core i7 7700HQ 2.8GHz,16GB,2.2kg,1299.0
109,Lenovo,Thinkpad T470,14.0,Intel Core i7 7500U 2.7GHz,8GB,1.58kg,1480.0
110,Asus,VivoBook S15,15.6,Intel Core i7 8550U 1.8GHz,16GB,1.5kg,1262.0
111,Dell,XPS 13,13.3,Intel Core i7 7560U 2.4GHz,8GB,1.23kg,1379.0
112,Lenovo,ThinkPad Yoga,13.3,Intel Core i5 7200U 2.5GHz,8GB,1.37kg,1399.0
113,HP,Probook 440,14.0,Intel Core i5 8250U 1.6GHz,4GB,1.63kg,722.0
114,Dell,XPS 13,13.3,Intel Core i5 8250U 1.6GHz,8GB,1.21kg,1629.0
115,HP,Spectre x360,13.3,Intel Core i5 8250U 1.6GHz,8GB,1.26kg,1398.99
116,HP,Probook 440,14.0,Intel Core i7 8550U 1.8GHz,8GB,1.63kg,1084.0
117,Dell,Inspiron 7570,15.6,Intel Core i7 8550U 1.8GHz,8GB,2.16kg,1130.33
118,Asus,X705UV-BX074T ,17.3,Intel Core i3 6006U 2GHz,4GB,2kg,564.0
119,Asus,VivoBook S15,15.6,Intel Core i7 8550U 1.8GHz,8GB,1.7kg,1118.0
120,Acer,Spin 3,15.6,Intel Core i3 7100U 2.4GHz,6GB,2.1kg,479.0
121,MSI,GS63VR 7RG,15.6,Intel Core i7 7700HQ 2.8GHz,16GB,1.8kg,2241.5
122,Lenovo,IdeaPad 320-15IKBN,15.6,Intel Core i5 7200U 2.5GHz,8GB,2.2kg,629.0
123,HP,Probook 470,17.3,Intel Core i7 8550U 1.8GHz,16GB,2.5kg,1271.0
124,Acer,Aspire 3,15.6,AMD A9-Series 9420 3GHz,4GB,2.1kg,451.0
125,HP,250 G6,15.6,Intel Celeron Dual Core N3060 1.6GHz,4GB,1.86kg,259.0
126,HP,Probook 440,14.0,Intel Core i5 8250U 1.6GHz,8GB,1.63kg,812.0
127,Asus,E402WA-GA007T ,14.0,AMD E-Series 6110 1.5GHz,4GB,1.65kg,277.99
128,Dell,Inspiron 5770,17.3,Intel Core i7 8550U 1.8GHz,16GB,2.8kg,1396.0
129,HP,ProBook 470,17.3,Intel Core i5 8250U 1.6GHz,8GB,2.5kg,928.0
130,Dell,Inspiron 5567,15.6,Intel Core i5 7200U 2.5GHz,8GB,2.36kg,638.99
131,Dell,Inspiron 3567,15.6,Intel Core i3 6006U 2GHz,4GB,2.2kg,449.0
132,Acer,Swift 3,14.0,Intel Core i7 8550U 1.8GHz,8GB,1.6kg,884.0
133,Acer,Aspire A515-51G-37JS,15.6,Intel Core i3 7130U 2.7GHz,4GB,2.2kg,572.0
134,HP,15-BS078nr ,15.6,Intel Core i7 7500U 2.7GHz,8GB,2.05kg,598.0
135,HP,Probook 440,14.0,Intel Core i7 8550U 1.8GHz,8GB,1.63kg,988.0
136,Lenovo,V110-15IAP ,15.6,Intel Celeron Dual Core N3350 1.1GHz,4GB,1.9kg,252.36
137,Asus,FX753VD-GC086T ,17.3,Intel Core i5 7300HQ 2.5GHz,8GB,3kg,938.0
138,Lenovo,IdeaPad 320-15IKBN,15.6,Intel Core i5 7200U 2.5GHz,4GB,2.2kg,499.0
139,HP,Envy 13-AD007nv,13.3,Intel Core i5 7200U 2.5GHz,4GB,1.32kg,699.0
140,Acer,Aspire 5,17.3,Intel Core i3 7130U 2.7GHz,4GB,3kg,655.0
141,Lenovo,ThinkPad E480,14.0,Intel Core i5 8250U 1.6GHz,8GB,1.75kg,1116.02
142,Lenovo,Legion Y520-15IKBN,15.6,Intel Core i7 7700HQ 2.8GHz,8GB,2.4kg,869.0
143,Toshiba,Satellite Pro,15.6,Intel Core i5 6200U 2.3GHz,4GB,2.1kg,602.0
144,HP,255 G6,15.6,AMD A6-Series 9220 2.5GHz,4GB,1.86kg,369.0
145,Asus,ZenBook UX430UA,14.0,Intel Core i7 8550U 1.8GHz,8GB,1.25kg,1099.0
146,HP,EliteBook Folio,12.5,Intel Core M 6Y75 1.2GHz,8GB,0.97kg,2014.0
147,Asus,X541NA ,15.6,Intel Celeron Dual Core N3350 1.1GHz,4GB,2kg,344.0
148,MSI,GE72MVR 7RG,17.3,Intel Core i7 7700HQ 2.8GHz,16GB,2.9kg,2029.0
149,Acer,Aspire A315-51,15.6,Intel Core i3 6006U 2GHz,4GB,2.1kg,447.0
150,Dell,Inspiron 5577,15.6,Intel Core i7 7700HQ 2.8GHz,16GB,2.56kg,1249.26
151,Dell,Inspiron 7567,15.6,Intel Core i7 7700HQ 2.8GHz,8GB,2.62kg,899.0
152,Lenovo,V110-15IKB ,15.6,Intel Core i5 7200U 2.5GHz,4GB,1.9kg,498.0
153,MSI,GE73VR 7RE,17.3,Intel Core i7 7700HQ 2.8GHz,16GB,2.8kg,1890.0
154,HP,EliteBook 840,14.0,Intel Core i5 7500U 2.7GHz,4GB,1.48kg,1082.0
155,HP,15-BS103nv ,15.6,Intel Core i5 8250U 1.6GHz,6GB,1.91kg,619.0
156,Lenovo,Yoga 520-14IKB,14.0,Intel Core i3 7100U 2.4GHz,4GB,1.74kg,629.0
157,Asus,ZenBook Flip,13.3,Intel Core i5 8250U 1.6GHz,8GB,1.1kg,1315.0
158,Dell,Inspiron 5579,15.6,Intel Core i7 8550U 1.8GHz,8GB,1.56kg,1049.0
159,Toshiba,Satellite Pro,15.6,Intel Core i3 6006U 2.2GHz,4GB,2.1kg,447.0
160,Asus,X555BP-XX180T ,15.6,AMD A9-Series 9420 3GHz,4GB,2.03kg,403.0
161,Acer,Aspire A517-51G,17.3,Intel Core i5 8250U 1.6GHz,4GB,3kg,805.0
162,Dell,Inspiron 3576,15.6,Intel Core i5 8250U 1.6GHz,8GB,2.13kg,728.0
163,Lenovo,Legion Y520-15IKBN,15.6,Intel Core i7 7700HQ 2.8GHz,16GB,2.5kg,1079.0
164,Acer,Aspire A315-31,15.6,Intel Celeron Dual Core N3350 1.1GHz,4GB,2.1kg,348.0
165,MSI,GE63VR 7RE,15.6,Intel Core i7 7700HQ 2.8GHz,16GB,2.4kg,1799.0
166,Acer,Aspire 3,15.6,Intel Pentium Quad Core N4200 1.1GHz,4GB,2.1kg,363.51
167,Dell,Inspiron 5577,15.6,Intel Core i7 7700HQ 2.8GHz,8GB,2.56kg,1060.49
168,Acer,Aspire A517-51G,17.3,Intel Core i5 8250U 1.6GHz,8GB,3kg,854.0
169,HP,ProBook 430,13.3,Intel Core i5 8250U 1.6GHz,4GB,1.49kg,754.0
170,Huawei,MateBook X,13.0,Intel Core i5 7200U 2.5GHz,8GB,1.05kg,1349.0
171,HP,17-bs001nv ,17.3,Intel Core i5 7200U 2.5GHz,6GB,2.71kg,699.0
172,Lenovo,IdeaPad 320-15AST,15.6,AMD A6-Series 9220 2.9GHz,4GB,2.2kg,309.0
173,Toshiba,Satellite Pro,15.6,Intel Core i3 7100U 2.4GHz,4GB,2kg,489.0
174,HP,ProBook 470,17.3,Intel Core i5 8250U 1.6GHz,8GB,2.5kg,923.0
175,Dell,Inspiron 3567,15.6,Intel Core i3 7100U 2.4GHz,8GB,2.3kg,459.0
176,Acer,Aspire A315-51,15.6,Intel Core i3 6006U 2GHz,4GB,2.1kg,449.0
177,MSI,GT80S 6QF-074US,18.4,Intel Core i7 6920HQ 2.9GHz,32GB,4.4kg,2799.0
178,Lenovo,V310-15IKB ,15.6,Intel Core i5 7200U 2.5GHz,8GB,1.90kg,813.0
179,HP,Spectre x360,13.3,Intel Core i5 8250U 1.6GHz,8GB,1.29kg,1499.0
180,Dell,Inspiron 5570,15.6,Intel Core i7 8550U 1.8GHz,16GB,2.02kg,1049.0
181,Dell,XPS 13,13.3,Intel Core i5 8250U 1.6GHz,8GB,1.23kg,1399.0
182,Lenovo,Yoga 920-13IKB,13.9,Intel Core i7 8550U 1.8GHz,16GB,1.4kg,1849.0
183,Toshiba,Satellite Pro,15.6,Intel Core i5 7200U 2.5GHz,8GB,2.0kg,793.0
184,Xiaomi,Mi Notebook,15.6,Intel Core i5 8250U 1.6GHz,8GB,1.95kg,1199.0
185,Dell,Inspiron 7773,17.3,Intel Core i7 8550U 1.8GHz,16GB,2.77kg,1549.0
186,Dell,XPS 15,15.6,Intel Core i7 7700HQ 2.8GHz,16GB,2.06kg,2397.0
187,Lenovo,Legion Y520-15IKBN,15.6,Intel Core i5 7300HQ 2.5GHz,8GB,2.4kg,779.0
188,Acer,Swift 7,13.3,Intel Core i5 7Y54 1.2GHz,8GB,1.12kg,989.0
189,Dell,Inspiron 5770,17.3,Intel Core i7 8550U 1.8GHz,8GB,2.8kg,1085.0
190,Lenovo,Thinkpad Yoga,14.0,Intel Core i7 7500U 2.7GHz,16GB,1.42kg,2824.0
191,Vero,K147 ,14.0,Intel Celeron Dual Core N3350 1.1GHz,4GB,1.3kg,260.0
192,Xiaomi,Mi Notebook,13.3,Intel Core i5 7200U 2.5GHz,8GB,1.3kg,999.9
193,Lenovo,IdeaPad 320-17IKBR,17.3,Intel Core i5 8250U 1.6GHz,8GB,2.8kg,698.0
194,Dell,Inspiron 5379,13.3,Intel Core i7 8550U 1.8GHz,8GB,1.62kg,839.0
195,HP,ProBook 470,17.3,Intel Core i5 8250U 1.6GHz,8GB,2.5kg,914.0
196,Razer,Blade Pro,17.3,Intel Core i7 7820HK 2.9GHz,32GB,3.49kg,6099.0
197,HP,ProBook 430,13.3,Intel Core i5 8250U 1.6GHz,8GB,1.49kg,959.0
198,HP,Omen 17-W295,17.3,Intel Core i7 7700HQ 2.8GHz,16GB,3.35kg,1379.0
199,HP,Probook 470,17.3,Intel Core i7 8550U 1.8GHz,8GB,2.5kg,1045.0
200,Dell,Inspiron 7577,15.6,Intel Core i7 7700HQ 2.8GHz,16GB,2.65kg,1845.0
201,Lenovo,V110-15ISK ,15.6,Intel Core i5 6200U 2.3GHz,4GB,2.1kg,493.0
202,Acer,Aspire E5-576G,15.6,Intel Core i7 7500U 2.7GHz,8GB,2.23kg,742.0
203,Lenovo,Legion Y720-15IKB,15.6,Intel Core i7 7700HQ 2.8GHz,16GB,3.2kg,1749.0
204,Dell,Precision 7520,15.6,Intel Xeon E3-1505M V6 3GHz,16GB,2.8kg,3055.0
205,Lenovo,Legion Y520-15IKBN,15.6,Intel Core i7 7700HQ 2.8GHz,16GB,2.4kg,1398.0
206,Dell,Inspiron 3567,15.6,Intel Core i3 7100U 2.4GHz,6GB,2.3kg,439.0
207,Dell,XPS 13,13.3,Intel Core i7 8550U 1.8GHz,8GB,1.21kg,1949.0
208,Dell,XPS 13,13.3,Intel Core i7 8550U 1.8GHz,8GB,1.2kg,1449.0
209,Lenovo,IdeaPad 320-15IKBN,15.6,Intel Core i5 7200U 2.5GHz,8GB,2.2kg,597.0
210,Acer,Aspire 7,15.6,Intel Core i7 7700HQ 2.8GHz,8GB,2.4kg,779.0
211,Asus,ROG GL703VD-GC028T,17.3,Intel Core i7 7700HQ 2.8GHz,16GB,2.9kg,1407.0
212,HP,15-bs018nq ,15.6,Intel Core i3 6006U 2GHz,4GB,2.1kg,349.0
213,Lenovo,IdeaPad 320-15IKBN,15.6,Intel Core i5 7200U 2.5GHz,8GB,2.2kg,549.0
214,Huawei,MateBook X,13.0,Intel Core i7 7500U 2.7GHz,8GB,1.05kg,1499.0
215,Dell,Inspiron 5370,13.3,Intel Core i7 8550U 1.8GHz,8GB,1.4kg,931.88
216,Lenovo,IdeaPad 320-17IKB,17.3,Intel Core i5 7200U 2.5GHz,8GB,2.8kg,589.0
217,HP,Probook 440,14.0,Intel Core i7 8550U 1.8GHz,8GB,1.63kg,1031.0
218,Dell,Latitude 5490,14.0,Intel Core i5 8250U 1.6GHz,8GB,1.6kg,1149.0
219,Dell,Inspiron 5379,13.3,Intel Core i7 8550U 1.8GHz,16GB,1.62kg,1279.0
220,Dell,Inspiron 3576,15.6,Intel Core i5 8250U 1.6GHz,8GB,2.2kg,677.35
221,Lenovo,Yoga 520-14IKB,14.0,Intel Core i5 8250U 1.6GHz,8GB,1.74kg,899.0
222,Toshiba,Portege Z30-C-16L,13.3,Intel Core i7 6500U 2.5GHz,8GB,1.2kg,1363.0
223,HP,ProBook 450,15.6,Intel Core i5 8250U 1.6GHz,8GB,2.1kg,794.0
224,Dell,Alienware 17,17.3,Intel Core i7 7700HQ 2.8GHz,16GB,4.42kg,2456.34
225,Acer,Aspire E5-576G,15.6,Intel Core i7 7500U 2.7GHz,8GB,2.2kg,832.0
226,Dell,Inspiron 5567,15.6,Intel Core i7 7500U 2.7GHz,16GB,2.3kg,859.01
227,Asus,Vivobook X541UV-DM1217T,15.6,Intel Core i5 7200U 2.5GHz,8GB,2kg,769.0
228,Asus,K756UX-T4340T ,17.3,Intel Core i5 7200U 2.5GHz,8GB,2.69kg,891.0
229,HP,ZBook 15u,15.6,Intel Core i7 7500U 2.7GHz,8GB,1.9kg,1269.0
230,Asus,Pro P2540UA-XO0198T,15.6,Intel Core i3 7100U 2.4GHz,4GB,2.37kg,398.99
231,HP,15-rb013nv ,15.6,AMD E-Series 9000e 1.5GHz,4GB,2.1kg,330.0
232,Lenovo,Legion Y720-15IKB,15.6,Intel Core i7 7700HQ 2.8GHz,16GB,3.2kg,1499.0
233,Dell,Vostro 5468,14.0,Intel Core i5 7200U 2.5GHz,8GB,1.6kg,859.0
234,Acer,Aspire R7,13.3,Intel Core i5 6200U 2.3GHz,8GB,1.6kg,689.0
235,Dell,Inspiron 5567,15.6,Intel Core i7 7500U 2.7GHz,16GB,2.36kg,899.0
236,Acer,Aspire A315-51,15.6,Intel Core i3 6006U 2GHz,4GB,2.1kg,390.0
237,Asus,X555QG-DM242T ,15.6,AMD A10-Series A10-9620P 2.5GHz,4GB,2.2kg,575.0
238,Asus,ROG G703VI-E5062T,17.3,Intel Core i7 7820HK 2.9GHz,32GB,4.7kg,3890.0
239,Acer,Nitro AN515-51,15.6,Intel Core i5 7300HQ 2.5GHz,8GB,2.5kg,846.0
240,Lenovo,IdeaPad 320-15ISK,15.6,Intel Core i3 6006U 2GHz,8GB,2.2kg,589.0
241,Asus,VivoBook Pro,17.3,Intel Core i7 8550U 1.8GHz,8GB,2.1kg,1145.0
242,Asus,F756UX-T4201D ,17.3,Intel Core i7 7500U 2.7GHz,8GB,2.69kg,889.0
243,Dell,Inspiron 5577,15.6,Intel Core i5 7300HQ 2.5GHz,8GB,2.56kg,879.0
244,Lenovo,Yoga 910-13IKB,13.9,Intel Core i7 7500U 2.7GHz,8GB,1.38kg,1079.0
245,Dell,Inspiron 5570,15.6,Intel Core i7 8550U 1.8GHz,8GB,2.2kg,985.0
246,HP,15-bs015dx ,15.6,Intel Core i5 7200U 2.5GHz,8GB,2.04kg,559.0
247,Asus,Rog G701VIK-BA060T,17.3,Intel Core i7 7820HK 2.9GHz,16GB,3.6kg,2999.0
248,HP,ProBook 430,13.3,Intel Core i5 8250U 1.6GHz,4GB,1.49kg,675.0
249,Apple,MacBook Pro,13.3,Intel Core i5 3.1GHz,8GB,1.37kg,2040.0
250,Dell,Inspiron 5579,15.6,Intel Core i7 8550U 1.8GHz,8GB,2.08kg,819.0
251,Asus,ROG G752VSK-GC493T,17.3,Intel Core i7 7700HQ 2.8GHz,16GB,4.3kg,1799.0
252,Asus,X505BP-BR019T ,15.6,AMD A9-Series 9420 3GHz,4GB,1.68kg,469.0
253,Lenovo,Yoga 920-13IKB,13.9,Intel Core i7 8550U 1.8GHz,8GB,1.37kg,1849.0
254,Acer,Aspire 5,17.3,Intel Core i3 7130U 2.7GHz,4GB,3kg,702.0
255,Dell,Vostro 5370,13.3,Intel Core i5 8250U 1.6GHz,8GB,1.41kg,949.0
256,HP,15-BW094nd ,15.6,AMD A6-Series A6-9220 2.5GHz,8GB,1.91kg,445.9
257,HP,Envy 17-U275cl,17.3,Intel Core i7 8550U 1.8GHz,16GB,2.9kg,1059.0
258,MSI,GT73EVR 7RE,17.3,Intel Core i7 7700HQ 2.8GHz,16GB,4.14kg,2499.0
259,Lenovo,Yoga 720-15IKB,15.6,Intel Core i7 7700HQ 2.8GHz,8GB,2kg,1699.0
260,Dell,Inspiron 5770,17.3,Intel Core i7 8550U 1.8GHz,8GB,2.8kg,1142.0
261,Lenovo,IdeaPad 320-15ISK,15.6,Intel Core i3 6006U 2GHz,4GB,2.2kg,444.0
262,HP,ProBook 450,15.6,Intel Core i5 8250U 1.6GHz,4GB,2.1kg,722.0
263,Dell,Vostro 3568,15.6,Intel Core i5 7200U 2.5GHz,4GB,2.18kg,657.0
264,Dell,Inspiron 3567,15.6,Intel Core i5 7200U 2.5GHz,8GB,2.24kg,565.0
265,Dell,Inspiron 5579,15.6,Intel Core i5 8250U 1.6GHz,8GB,2.67kg,799.0
266,Asus,ZenBook Flip,13.3,Intel Core i7 8550U 1.8GHz,8GB,1.1kg,1499.0
267,Lenovo,IdeaPad 320-15IKBN,15.6,Intel Core i5 7200U 2.5GHz,4GB,2.2kg,467.0
268,HP,Probook 470,17.3,Intel Core i7 8550U 1.8GHz,8GB,2.5kg,1018.0
269,Lenovo,V330-15IKB ,15.6,Intel Core i7 8550U 1.8GHz,8GB,2.05kg,880.0
270,Apple,MacBook Pro,13.3,Intel Core i5 2.9GHz,8GB,1.37kg,1958.9
271,Asus,Rog Strix,17.3,AMD Ryzen 1700 3GHz,16GB,3.2kg,1549.0
272,Dell,Inspiron 3576,15.6,Intel Core i7 8550U 1.8GHz,8GB,2.14kg,735.07
273,Lenovo,ThinkPad X1,14.0,Intel Core i7 6600U 2.6GHz,16GB,1.36kg,2499.0
274,Toshiba,Satellite Pro,15.6,Intel Core i7 6500U 2.5GHz,8GB,2.2kg,812.0
275,Dell,Inspiron 5567,15.6,Intel Core i7 7500U 2.7GHz,12GB,2.3kg,713.07
276,Dell,Inspiron 5770,17.3,Intel Core i7 8550U 1.8GHz,8GB,2.8kg,1099.0
277,Acer,Aspire A515-51G,15.6,Intel Core i7 8550U 1.8GHz,8GB,2.2kg,745.0
278,Lenovo,IdeaPad 320-17ISK,17.3,Intel Core i3 6006U 2GHz,4GB,2.8kg,489.0
279,Lenovo,IdeaPad 320-17IKBR,17.3,Intel Core i7 8550U 1.8GHz,8GB,2.8kg,849.0
280,Lenovo,IdeaPad 320-17IKB,17.3,Intel Core i7 7500U 2.7GHz,6GB,2.8kg,859.0
281,Dell,Inspiron 3567,15.6,Intel Core i3 6006U 2.0GHz,4GB,2.25kg,428.0
282,Lenovo,Legion Y520-15IKBN,15.6,Intel Core i5 7300HQ 2.5GHz,8GB,2.5kg,829.0
283,Lenovo,Ideapad 320-15IKBN,15.6,Intel Core i5 7200U 2.5GHz,6GB,2.2kg,579.0
284,Acer,Aspire A517-51G,15.6,Intel Core i7 8550U 1.8GHz,8GB,3kg,951.0
285,Acer,SP315-51 ,15.6,Intel Core i7 7500U 2.7GHz,12GB,2.15kg,659.0
286,Lenovo,Thinkpad T570,15.6,Intel Core i7 7500U 2.7GHz,8GB,1.95kg,1097.0
287,Asus,VivoBook S15,15.6,Intel Core i5 7200U 2.5GHz,8GB,1.7kg,977.0
288,Lenovo,Legion Y520-15IKBN,15.6,Intel Core i7 7700HQ 2.8GHz,16GB,2.5kg,1179.0
289,Lenovo,IdeaPad 320-15IKB,15.6,Intel Core i7 7500U 2.7GHz,8GB,2.2kg,659.01
290,Acer,Chromebook C910-C2ST,15.6,Intel Celeron Dual Core 3205U 1.5GHz,2GB,2.19kg,199.0
291,Asus,FX753VD-GC071T ,17.3,Intel Core i7 7700HQ 2.8GHz,8GB,3kg,1187.0
292,HP,17-BS037cl ,17.3,Intel Core i3 6006U 2GHz,8GB,2.54kg,489.0
293,Dell,XPS 15,15.6,Intel Core i7 7700HQ 2.8GHz,8GB,2kg,1829.0
294,Lenovo,V330-15IKB ,15.6,Intel Core i5 8250U 1.6GHz,8GB,2.05kg,739.0
295,Lenovo,Legion Y720-15IKB,15.6,Intel Core i7 7700HQ 2.8GHz,8GB,3.2kg,1299.0
296,Acer,Aspire A715-71G,15.6,Intel Core i7 7700HQ 2.8GHz,8GB,2.5kg,979.0
297,Dell,Precision 7720,17.3,Intel Core i7 7820HQ 2.9GHz,16GB,3.42kg,2884.86
298,Lenovo,IdeaPad 310-15ABR,15.6,AMD A10-Series 9600P 2.4GHz,6GB,2.4kg,499.0
299,Asus,ZenBook UX530UQ-PRO,15.6,Intel Core i7 7500U 2.7GHz,16GB,1.63kg,1468.0
300,Asus,VivoBook S14,14.0,Intel Core i3 7100U 2.4GHz,4GB,1.3kg,509.0
301,Asus,Rog GL702VS-GC095T,17.3,Intel Core i7 7700HQ 2.8GHz,16GB,2.9kg,2122.0
302,Lenovo,IdeaPad 320-17IKB,17.3,Intel Core i5 7200U 2.5GHz,6GB,2.8kg,649.0
303,Lenovo,IdeaPad 320-15IKBN,15.6,Intel Core i5 7200U 2.5GHz,8GB,2.2kg,549.0
304,Asus,GL553VE-FY082T ,15.6,Intel Core i7 7700HQ 2.8GHz,8GB,2.5kg,1265.0
305,Lenovo,IdeaPad 320-15IAP,15.6,Intel Pentium Quad Core N4200 1.1GHz,4GB,2.2kg,359.99
306,HP,EliteBook x360,13.3,Intel Core i7 7600U 2.8GHz,16GB,1.28kg,1975.0
307,Toshiba,Satellite Pro,15.6,Intel Core i7 6500U 2.5GHz,8GB,2.2kg,1043.0
308,Lenovo,IdeaPad 320-15IKB,15.6,Intel Core i5 7200U 2.5GHz,8GB,2.3kg,819.0
309,HP,250 G6,15.6,Intel Core i3 6006U 2GHz,4GB,1.86kg,469.0
310,Lenovo,IdeaPad 720S-13IKB,13.3,Intel Core i5 7200U 2.5GHz,8GB,1.1kg,999.0
311,Dell,XPS 13,13.3,Intel Core i7 8550U 1.8GHz,16GB,1.21kg,2499.0
312,MSI,GE63VR 7RF,15.6,Intel Core i7 7700HQ 2.8GHz,16GB,2.8kg,2099.0
313,Acer,ES1-523-84K7 ,15.6,AMD A8-Series 7410 2.2GHz,8GB,2.23kg,469.0
314,Asus,VivoBook Flip,11.6,Intel Celeron Dual Core N3350 1.1GHz,2GB,1.1kg,275.0
315,Dell,Inspiron 5570,15.6,Intel Core i5 8250U 1.6GHz,8GB,2.33kg,844.0
316,HP,Spectre x360,13.3,Intel Core i7 8550U 1.8GHz,16GB,1.29kg,2449.0
317,Lenovo,ThinkPad 13,13.3,Intel Celeron Dual Core 3855U 1.6GHz,4GB,1.45kg,459.9
318,HP,ProBook 640,14.0,Intel Core i5 7200U 2.5GHz,8GB,1.95kg,980.0
319,Acer,TravelMate B,11.6,Intel Pentium Quad Core N3710 1.6GHz,4GB,1.4kg,485.0
320,HP,Elitebook 840,14.0,Intel Core i7 7500U 2.7GHz,8GB,1.48kg,1292.0
321,Lenovo,IdeaPad 320-17IKB,17.3,Intel Core i5 7200U 2.5GHz,4GB,2.79kg,589.0
322,Asus,ZenBook UX410UA-GV183T,14.0,Intel Core i7 7500U 2.7GHz,8GB,2kg,1094.0
323,HP,ProBook 450,15.6,Intel Core i7 8550U 1.8GHz,8GB,2.1kg,902.0
324,Acer,Aspire 5,15.6,AMD A12-Series 9720P 2.7GHz,8GB,2.2kg,659.0
325,Lenovo,IdeaPad 120S-14IAP,14.0,Intel Celeron Dual Core N3350 1.1GHz,4GB,1.44kg,292.0
326,Acer,Aspire E5-575,15.6,Intel Core i5 7200U 2.5GHz,6GB,2.23kg,549.0
327,Asus,VivoBook S15,15.6,Intel Core i7 7500U 2.7GHz,8GB,1.7kg,1049.9
328,HP,Elitebook 820,12.5,Intel Core i7 7500U 2.7GHz,8GB,1.26kg,1335.0
329,Dell,XPS 15,15.6,Intel Core i7 7700HQ 2.8GHz,32GB,2.06kg,2639.0
330,MSI,GL72M 7REX,17.3,Intel Core i7 7700HQ 2.8GHz,8GB,2.7kg,1199.0
331,Toshiba,Satellite Pro,15.6,Intel Core i5 7200U 2.5GHz,8GB,2.0kg,943.0
332,Asus,UX510UX-CN269T ,14.0,Intel Core i7 7500U 2.7GHz,8GB,2kg,1334.0
333,Lenovo,V310-15ISK ,15.6,Intel Core i3 6006U 2GHz,4GB,1.85kg,449.0
334,Asus,FX553VD-FY647T ,15.6,Intel Core i7 7700HQ 2.8GHz,8GB,2.5kg,999.0
335,HP,EliteBook 840,14.0,Intel Core i5 7300U 2.6GHz,8GB,1.48kg,1268.0
336,Dell,Inspiron 7570,15.6,Intel Core i5 8250U 1.6GHz,8GB,1.9kg,1049.0
337,HP,Elitebook 850,15.6,Intel Core i5 7200U 2.5GHz,8GB,1.84kg,1144.0
338,Asus,X541NA ,15.6,Intel Celeron Dual Core N3350 1.1GHz,4GB,2kg,274.99
339,Dell,Inspiron 7570,15.6,Intel Core i5 8250U 1.6GHz,8GB,2kg,1142.75
340,Dell,Inspiron 3552,15.6,Intel Celeron Dual Core N3060 1.6GHz,4GB,2.2kg,274.9
341,Lenovo,IdeaPad 320-15ABR,15.6,AMD A12-Series 9720P 3.6GHz,12GB,2.2kg,899.0
342,HP,ProBook 450,15.6,Intel Core i3 7100U 2.4GHz,8GB,2.1kg,716.0
343,Lenovo,Yoga 920-13IKB,13.9,Intel Core i7 8550U 1.8GHz,16GB,1.4kg,2099.0
344,Dell,XPS 13,13.3,Intel Core i7 8550U 1.8GHz,8GB,1.2kg,1579.0
345,Lenovo,Legion Y520-15IKBN,15.6,Intel Core i7 7700HQ 2.8GHz,16GB,2.4kg,1129.0
346,HP,Stream 14-AX001nv,14.0,Intel Celeron Dual Core N3060 1.6GHz,2GB,1.44kg,279.0
347,Dell,Latitude 5590,15.6,Intel Core i7 8650U 1.9GHz,16GB,1.88kg,1607.96
348,Asus,VivoBook Flip,11.6,Intel Celeron Dual Core N3350 1.1GHz,4GB,1.5kg,375.0
349,Dell,Inspiron 5570,15.6,Intel Core i5 8250U 1.6GHz,8GB,1.9kg,663.0
350,Dell,XPS 15,15.6,Intel Core i7 7700HQ 2.8GHz,16GB,2.06kg,2027.42
351,HP,Elitebook 850,15.6,Intel Core i7 7500U 2.7GHz,8GB,1.84kg,1304.0
352,MSI,GP72MVR 7RFX,17.3,Intel Core i7 7700HQ 2.8GHz,8GB,2.7kg,1409.0
353,HP,Zbook 15,15.6,Intel Core i7 7700HQ 2.8GHz,8GB,2.6kg,1738.27
354,Toshiba,Tecra A50-C-21G,15.6,Intel Core i7 6500U 2.5GHz,16GB,2.4kg,1403.0
355,Dell,Inspiron 5570,15.6,Intel Core i7 8550U 1.8GHz,8GB,2.02kg,970.9
356,Lenovo,IdeaPad 320-15IAP,15.6,Intel Celeron Dual Core N3350 1.1GHz,4GB,2.2kg,321.99
357,Dell,Inspiron 7577,15.6,Intel Core i5 7300HQ 2.5GHz,8GB,2.65kg,999.0
358,Dell,Inspiron 3567,15.6,Intel Core i5 7200U 2.5GHz,8GB,2.36kg,557.37
359,Dell,Latitude 7480,14.0,Intel Core i5 7300U 2.6GHz,8GB,1.36kg,1427.0
360,HP,250 G6,15.6,Intel Core i3 6006U 2GHz,4GB,1.86kg,439.0
361,Asus,Zenbook UX410UA-GV027T,14.0,Intel Core i5 7200U 2.5GHz,8GB,2kg,945.0
362,Lenovo,IdeaPad 320-17IKB,17.3,Intel Core i5 7200U 2.5GHz,6GB,2.8kg,719.0
363,HP,250 G6,15.6,Intel Core i5 7200U 2.5GHz,8GB,1.86kg,639.0
364,Lenovo,IdeaPad 320-15ISK,15.6,Intel Core i3 6006U 2GHz,8GB,2.2kg,499.0
365,HP,15-AY023na ,15.6,Intel Pentium Quad Core N3710 1.6GHz,8GB,2.04kg,389.0
366,Dell,Inspiron 5770,17.3,Intel Core i5 8250U 1.6GHz,8GB,2.8kg,1085.0
367,Lenovo,Legion Y520-15IKBN,15.6,Intel Core i5 7300HQ 2.5GHz,8GB,2.4kg,809.0
368,Dell,Inspiron 5567,15.6,Intel Core i7 7500U 2.7GHz,8GB,2.33kg,899.0
369,HP,Elitebook 1040,14.0,Intel Core i7 7500U 2.7GHz,8GB,1.36kg,1750.0
370,Asus,ZenBook Flip,15.6,Intel Core i7 7500U 2.7GHz,12GB,2.26kg,1099.0
371,Acer,Aspire 3,15.6,AMD A9-Series 9420 3GHz,4GB,2.1kg,426.0
372,Asus,Rog Strix,17.3,AMD Ryzen 1700 3GHz,16GB,3.25kg,2199.0
373,Lenovo,IdeaPad 110-17ACL,17.3,AMD A8-Series 7410 2.2GHz,4GB,2.6kg,489.0
374,Dell,Inspiron 5379,13.3,Intel Core i7 8550U 1.8GHz,8GB,1.62kg,869.01
375,HP,15-bw003nv ,15.6,AMD A9-Series 9420 3GHz,4GB,1.91kg,488.99
376,Lenovo,Yoga 11e,11.6,Intel Celeron Quad Core N3450 1.1GHz,4GB,1.59kg,553.0
377,Dell,Inspiron 3552,15.6,Intel Celeron Dual Core N3060 1.60GHz,4GB,1.8kg,309.0
378,Asus,VivoBook E403NA,14.0,Intel Celeron Dual Core N3350 1.1GHz,4GB,1.5kg,286.0
379,Acer,Aspire 7,15.6,Intel Core i7 7700HQ 2.8GHz,8GB,2.4kg,846.0
380,HP,Omen 17-w212nv,17.3,Intel Core i7 7700HQ 2.8GHz,8GB,3.35kg,1191.0
381,Lenovo,V310-15ISK ,15.6,Intel Core i3 6006U 2GHz,4GB,1.85kg,403.5
382,Asus,ROG Strix,15.6,Intel Core i7 7700HQ 2.8GHz,8GB,2.3kg,1655.0
383,Lenovo,IdeaPad 720S-14IKB,14.0,Intel Core i5 7200U 2.5GHz,8GB,1.5kg,1099.0
384,Asus,Zenbook Flip,13.3,Intel Core i7 7500U 2.7GHz,16GB,1.1kg,1748.9
385,Lenovo,Thinkpad X1,14.0,Intel Core i7 7500U 2.7GHz,8GB,1.13kg,2282.0
386,Lenovo,Ideapad 510S-13IKB,13.3,Intel Core i3 7100U 2.4GHz,4GB,1.5kg,549.0
387,Dell,Precision 3510,15.6,Intel Core i5 6440HQ 2.6GHz,8GB,2.23kg,1369.0
388,Dell,Precision 5520,15.6,Intel Core i7 6820HQ 2.7GHz,8GB,2kg,2135.0
389,Lenovo,ThinkPad X1,14.0,Intel Core i7 7500U 2.7GHz,16GB,1.42kg,2509.0
390,Asus,Rog GL753VD-GC042T,17.3,Intel Core i7 7700HQ 2.8GHz,8GB,3kg,1039.0
391,Asus,Rog GL753VE-GC070T,17.3,Intel Core i7 7700HQ 2.8GHz,16GB,3kg,1591.0
392,Acer,Aspire 5,15.6,Intel Core i5 8250U 1.6GHz,12GB,2.2kg,693.99
393,MSI,Leopard GP72M,17.3,Intel Core i7 7700HQ 2.8GHz,8GB,2.7kg,1349.0
394,Dell,Inspiron 5567,15.6,Intel Core i7 7500U 2.7GHz,8GB,2.33kg,778.87
395,HP,15-BW004nv ,15.6,AMD A9-Series 9420 3GHz,4GB,1.91kg,499.0
396,Lenovo,ThinkPad E580,15.6,Intel Core i7 8550U 1.8GHz,8GB,2.1kg,1229.56
397,Lenovo,ThinkPad L470,14.0,Intel Core i5 7200U 2.5GHz,8GB,1.9kg,938.0
398,Dell,Precision M5520,15.6,Intel Core i7 7700HQ 2.8GHz,8GB,1.78kg,2712.0
399,Lenovo,Thinkpad X1,14.0,Intel Core i7 7500U 2.7GHz,16GB,1.13kg,2625.0
400,Lenovo,IdeaPad 320-15IAP,15.6,Intel Celeron Dual Core N3350 1.1GHz,4GB,2.2kg,306.0
401,Asus,FX753VD-GC461T ,17.3,Intel Core i7 7700HQ 2.8GHz,16GB,2.9kg,1529.0
402,Lenovo,ThinkPad E580,15.6,Intel Core i5 8250U 1.6GHz,8GB,2.1kg,1144.5
403,Acer,Aspire 7,15.6,Intel Core i7 7700HQ 2.8GHz,8GB,2.5kg,879.0
404,MSI,GE73VR 7RF,17.3,Intel Core i7 7700HQ 2.8GHz,16GB,2.8kg,2249.0
405,Asus,Zenbook 3,14.0,Intel Core i7 7500U 2.7GHz,8GB,1.10kg,1873.0
406,Toshiba,Portege Z30-C-16P,13.3,Intel Core i7 6500U 2.5GHz,16GB,1.2kg,1747.0
407,Dell,Latitude 7480,14.0,Intel Core i7 7600U 2.8GHz,8GB,1.36kg,1680.0
408,Lenovo,IdeaPad 320-15ISK,15.6,Intel Core i3 6006U 2GHz,4GB,2.2kg,409.0
409,Lenovo,Lenovo IdeaPad,11.6,Intel Celeron Dual Core N3350 1.1GHz,2GB,1.15kg,304.45
410,Lenovo,ThinkPad P51,15.6,Intel Core i7 7700HQ 2.8GHz,8GB,2.67kg,1925.0
411,Lenovo,Thinkpad T470p,14.0,Intel Core i7 7700HQ 2.8GHz,8GB,1.7kg,1943.0
412,HP,15-BS028nv ,15.6,Intel Core i3 6006U 2GHz,4GB,2.1kg,469.0
413,Acer,Aspire R7,13.3,Intel Core i7 6500U 2.5GHz,8GB,1.6kg,789.01
414,Asus,ZenBook Flip,13.3,Intel Core i5 7200U 2.5GHz,8GB,1.27kg,928.0
415,Dell,Inspiron 3567,15.6,Intel Core i5 7200U 2.5GHz,4GB,2.3kg,598.9
416,Dell,Latitude 3380,13.3,Intel Core i3 6006U 2GHz,4GB,1.65kg,689.0
417,HP,EliteBook 1040,14.0,Intel Core i7 6500U 2.5GHz,8GB,1.43kg,1500.0
418,Dell,Inspiron 3567,15.6,Intel Core i5 7200U 2.5GHz,8GB,2.14kg,539.95
419,Lenovo,ThinkPad E480,14.0,Intel Core i7 8550U 1.8GHz,8GB,1.75kg,1215.38
420,Lenovo,Yoga 720-15IKB,15.6,Intel Core i7 7700HQ 2.8GHz,16GB,2kg,1899.0
421,Chuwi,LapBook 12.3,12.3,Intel Celeron Quad Core N3450 1.1GHz,6GB,1.4kg,449.0
422,HP,ProBook 650,15.6,Intel Core i7 7820HQ 2.9GHz,8GB,2.31kg,1427.0
423,Asus,X542UQ-DM117 ,15.6,Intel Core i3 7100U 2.4GHz,8GB,2.3kg,597.0
424,Dell,Alienware 17,17.3,Intel Core i7 7820HK 2.9GHz,16GB,4.42kg,2799.0
425,Dell,Inspiron 7577,15.6,Intel Core i7 7700HQ 2.8GHz,8GB,2.62kg,1159.0
426,Dell,Inspiron 5570,15.6,Intel Core i7 8550U 1.8GHz,8GB,2.02kg,1142.4
427,Dell,Latitude 5480,14.0,Intel Core i7 7600U 2.8GHz,8GB,1.6kg,1099.0
428,HP,Omen 17-w207nv,17.3,Intel Core i7 7700HQ 2.8GHz,12GB,3.35kg,1999.0
429,Mediacom,FlexBook Edge,11.6,Intel Celeron Dual Core N3350 1.1GHz,4GB,1.16kg,299.0
430,Samsung,Chromebook 3,11.6,Intel Celeron Dual Core N3060 1.6GHz,4GB,1.15kg,269.0
431,Lenovo,Thinkpad 13,13.3,Intel Core i7 7500U 2.7GHz,8GB,1.4kg,1010.0
432,Lenovo,IdeaPad 320s-14IKB,14.0,Intel Core i3 7130U 2.7GHz,4GB,1.7kg,599.0
433,Lenovo,Thinkpad T570,15.6,Intel Core i7 7600U 2.8GHz,16GB,2.3kg,2445.0
434,Lenovo,Thinkpad P51,15.6,Intel Core i7 7820HQ 2.9GHz,16GB,2.5kg,2449.0
435,Asus,Rog Strix,17.3,AMD Ryzen 1600 3.2GHz,8GB,3.2kg,1695.0
436,HP,15-ra044nv ,15.6,Intel Celeron Dual Core N3060 1.6GHz,4GB,2.1kg,347.0
437,Google,Pixelbook ,12.3,Intel Core i7 7Y75 1.3GHz,16GB,1.1kg,2199.0
438,Lenovo,ThinkPad T470s,14.0,Intel Core i7 7500U 2.7GHz,24GB,1.32kg,2382.0
439,Asus,VivoBook Max,15.6,Intel Core i5 7200U 2.5GHz,4GB,2kg,559.0
440,Lenovo,IdeaPad 320-15AST,17.3,AMD A6-Series 9220 2.5GHz,8GB,2.8kg,519.0
441,Dell,Inspiron 5570,15.6,Intel Core i5 8250U 1.6GHz,4GB,2.2kg,749.0
442,Lenovo,ThinkPad X270,12.5,Intel Core i5 7200U 2.5GHz,8GB,1.36kg,1429.0
443,Lenovo,IdeaPad 320-15IAP,15.6,Intel Pentium Quad Core N4200 1.1GHz,4GB,2.2kg,349.0
444,HP,Omen 15-AX205na,15.6,Intel Core i7 7700HQ 2.8GHz,8GB,2.2kg,1099.0
445,Dell,Latitude 5480,14.0,Intel Core i5 7440HQ 2.8GHz,8GB,1.64kg,1179.0
446,Acer,Aspire ES1-572,15.6,Intel Core i5 7200U 2.5GHz,4GB,2.4kg,441.8
447,Dell,Precision 3520,15.6,Intel Xeon E3-1505M V6 3GHz,8GB,2.23kg,1993.0
448,MSI,GV62 7RD-1686NL,15.6,Intel Core i5 7300HQ 2.5GHz,8GB,2.2kg,1027.74
449,Microsoft,Surface Laptop,13.5,Intel Core i7 7660U 2.5GHz,16GB,1.25kg,2589.0
450,HP,15-bs024nv ,15.6,Intel Core i5 7200U 2.5GHz,8GB,1.91kg,589.0
451,Dell,Precision 3520,15.6,Intel Core i7 6820HQ 2.7GHz,16GB,2.17kg,1975.0
452,HP,ProBook 650,15.6,Intel Core i7 7820HQ 2.9GHz,8GB,2.31kg,1534.0
453,Lenovo,ThinkPad T470,14.0,Intel Core i5 7200U 2.5GHz,8GB,1.65kg,1345.0
454,Dell,Inspiron 5570,15.6,Intel Core i7 8550U 1.8GHz,8GB,2.36kg,979.0
455,Dell,Inspiron 3168,11.6,Intel Pentium Quad Core N3710 1.6GHz,4GB,1.47kg,479.0
456,Dell,Alienware 17,17.3,Intel Core i7 7700HQ 2.7GHz,8GB,4.42kg,2046.0
457,Microsoft,Surface Laptop,13.5,Intel Core M m3-7Y30 2.2GHz,4GB,1.252kg,989.0
458,Microsoft,Surface Laptop,13.5,Intel Core i7 7660U 2.5GHz,8GB,1.25kg,1799.0
459,HP,17-BS092ND ,17.3,Intel Core i3 6006U 2GHz,8GB,2.5kg,639.9
460,Acer,Aspire E5-576G,15.6,Intel Core i3 6006U 2GHz,4GB,2.23kg,544.0
461,Acer,TravelMate B,11.6,Intel Celeron Dual Core N3060 1.6GHz,4GB,1.4kg,435.0
462,Asus,Pro P2540UA-AB51,15.6,Intel Core i5 7200U 2.5GHz,8GB,2.37kg,749.0
463,Lenovo,IdeaPad 510s-14IKB,14.0,Intel Core i7 7500U 2.7GHz,8GB,1.5kg,799.0
464,Lenovo,Thinkpad P51,15.6,Intel Core i7 7820HQ 2.9GHz,8GB,2.67kg,2090.0
465,Asus,X541NA-PD1003Y ,15.6,Intel Pentium Quad Core N4200 1.1GHz,4GB,2kg,304.0
466,Acer,Aspire 5,15.6,Intel Core i3 6006U 2GHz,4GB,2.2kg,469.0
467,Dell,Inspiron 5570,15.6,Intel Core i5 8250U 1.6GHz,8GB,2.02kg,759.0
468,HP,Omen 17-an006nv,17.3,Intel Core i7 7700HQ 2.8GHz,12GB,3.78kg,1699.0
469,Lenovo,Thinkpad T460s,14.0,Intel Core i7 6600U 2.6GHz,12GB,1.4kg,1858.0
470,HP,Spectre x360,13.3,Intel Core i7 8550U 1.8GHz,8GB,1.29kg,1999.0
471,HP,ZBook 15u,15.6,Intel Core i5 7200U 2.5GHz,8GB,1.9kg,1154.0
472,Google,Pixelbook ,12.3,Intel Core i5 7Y57 1.2GHz,8GB,1.1kg,1275.0
473,Dell,Latitude 7390,13.3,Intel Core i5 8250U 1.6GHz,8GB,1.42kg,1841.85
474,Asus,ZenBook Pro,15.6,Intel Core i7 6700HQ 2.6GHz,12GB,2.06kg,1299.0
475,Dell,Latitude E5470,14.0,Intel Core i3 6100U 2.3GHz,8GB,1.79kg,740.0
476,Dell,Precision M5520,15.6,Intel Core i7 7700HQ 2.8GHz,8GB,1.78kg,2408.0
477,Lenovo,Thinkpad T470,14.0,Intel Core i5 7200U 2.5GHz,8GB,1.7kg,1364.0
478,Dell,Inspiron 3576,15.6,Intel Core i5 8250U 1.6GHz,8GB,2.2kg,675.0
479,Toshiba,Portege X30-D-10J,13.3,Intel Core i5 7200U 2.5GHz,8GB,1.05kg,1672.0
480,Dell,Inspiron 7570,15.6,Intel Core i7 8550U 1.8GHz,8GB,2.16kg,1262.0
481,Dell,Vostro 3568,15.6,Intel Core i3 7100U 2.4GHz,4GB,2.18kg,586.6
482,HP,ProBook 430,13.3,Intel Core i5 8250U 1.6GHz,4GB,1.49kg,726.0
483,Chuwi,"Lapbook 15,6",15.6,Intel Atom x5-Z8350 1.44GHz,4GB,1.89kg,248.9
484,Lenovo,ThinkPad E570,15.6,Intel Core i3 6006U 2.0GHz,4GB,2.3kg,565.0
485,Lenovo,ThinkPad E480,14.0,Intel Core i5 8250U 1.6GHz,8GB,1.75kg,1049.0
486,Dell,Precision 3520,15.6,Intel Core i7 6820HQ 2.7GHz,16GB,2.17kg,2338.0
487,Dell,XPS 15,15.6,Intel Core i7 7700HQ 2.8GHz,16GB,2.06kg,1899.0
488,Lenovo,Thinkpad X270,12.5,Intel Core i7 7500U 2.7GHz,16GB,1.36kg,1798.0
489,Asus,Zenbook UX390UA,12.5,Intel Core i7 7500U 2.7GHz,16GB,0.91kg,1950.0
490,Lenovo,Thinkpad E570,15.6,Intel Core i5 7200U 2.5GHz,8GB,2.3kg,1011.99
491,Toshiba,Portege X30-D-10L,13.3,Intel Core i7 7500U 2.7GHz,32GB,1.05kg,2799.0
492,Asus,VivoBook Pro,15.6,Intel Core i7 7700HQ 2.8GHz,8GB,1.99kg,1350.0
493,Acer,Aspire 5,15.6,AMD A10-Series 9620P 2.5GHz,8GB,2.2kg,579.0
494,Asus,Rog G752VL-UH71T,17.3,Intel Core i7 6700HQ 2.6GHz,24GB,4.33kg,1269.0
495,Lenovo,Thinkpad X260,12.5,Intel Core i5 6200U 2.3GHz,8GB,1.3kg,1099.0
496,Lenovo,Ideapad 520-15IKBR,15.6,Intel Core i7 8550U 1.8GHz,8GB,2.17kg,898.9
497,HP,EliteBook 840,14.0,Intel Core i7 7600U 2.8GHz,8GB,1.48kg,1749.0
498,Lenovo,ThinkPad 13,13.3,Intel Core i3 7100U 2.4GHz,8GB,1.4kg,949.0
499,Lenovo,ThinkPad L570,15.6,Intel Core i5 7200U 2.5GHz,8GB,2.3kg,911.0
500,Asus,VivoBook E201NA,11.6,Intel Celeron Dual Core N3350 1.1GHz,4GB,1.2kg,340.0
501,HP,15-BS026nv ,15.6,Intel Core i5 7200U 2.5GHz,8GB,1.91kg,618.99
502,Lenovo,Yoga 920-13IKB,13.9,Intel Core i5 8250U 1.6GHz,8GB,1.4kg,1599.0
503,Lenovo,IdeaPad 320-14IAP,14.0,Intel Celeron Dual Core N3350 1.1GHz,4GB,2.1kg,299.0
504,Lenovo,Chromebook N23,11.6,Intel Celeron Dual Core N3060 1.6GHz,4GB,1.25kg,265.0
505,Lenovo,ThinkPad 13,13.3,Intel Core i5 7200U 2.5GHz,8GB,1.44kg,949.0
506,Asus,ZenBook UX510UX-CN211T,15.6,Intel Core i7 7500U 2.7GHz,8GB,2kg,1224.0
507,Acer,Aspire A515-51G-59QF,15.6,Intel Core i5 8250U 1.6GHz,4GB,2.2kg,613.0
508,HP,Envy 13-AB002nv,13.3,Intel Core i7 7500U 2.7GHz,8GB,1.34kg,1323.0
509,Lenovo,Legion Y520-15IKBN,15.6,Intel Core i7 7700HQ 2.8GHz,8GB,2.4kg,1149.0
510,Dell,XPS 13,13.3,Intel Core i5 7200U 2.5GHz,8GB,1.29kg,899.0
511,Acer,Aspire A515-51G,15.6,Intel Core i7 7500U 2.7GHz,4GB,2.2kg,639.0
512,Dell,Vostro 5568,15.6,Intel Core i5 7200U 2.5GHz,8GB,2.18kg,836.0
513,Dell,Inspiron 5570,15.6,Intel Core i7 8550U 1.8GHz,16GB,2.2kg,1219.24
514,Xiaomi,Mi Notebook,15.6,Intel Core i7 8550U 1.8GHz,16GB,1.95kg,1399.95
515,Asus,VivoBook E12,11.6,Intel Celeron Dual Core N3350 1.1GHz,2GB,1.1kg,245.0
516,HP,15-bs190od ,15.6,Intel Core i5 8250U 1.6GHz,4GB,2.04kg,521.47
517,Asus,ROG Zephyrus,15.6,Intel Core i7 7700HQ 2.8GHz,24GB,2.24kg,2968.0
518,HP,Probook 450,15.6,Intel Core i5 7200U 2.5GHz,8GB,2.04kg,889.0
519,Asus,FX753VE-GC155T ,17.3,Intel Core i7 7700HQ 2.8GHz,16GB,3kg,1504.0
520,Lenovo,Legion Y720-15IKB,15.6,Intel Core i7 7700HQ 2.8GHz,8GB,3.2kg,1399.0
521,HP,Spectre X360,13.3,Intel Core i7 7500U 2.7GHz,8GB,1.32kg,1399.0
522,Dell,Latitude 5480,14.0,Intel Core i5 7300U 2.6GHz,8GB,1.64kg,1279.73
523,HP,ProBook 440,15.6,Intel Core i3 6006U 2GHz,4GB,1.63kg,689.0
524,Dell,Inspiron 5770,17.3,Intel Core i5 8250U 1.6GHz,8GB,2.8kg,889.0
525,Lenovo,ThinkPad L470,14.0,Intel Core i5 6200U 2.3GHz,8GB,2.02kg,1340.0
526,Lenovo,IdeaPad 320-15IKB,15.6,Intel Core i7 7500U 2.7GHz,4GB,2.2kg,799.0
527,Lenovo,IdeaPad 320-15ISK,15.6,Intel Core i3 6006U 2GHz,8GB,2.2kg,459.0
528,Dell,Inspiron 3567,15.6,Intel Core i5 7200U 2.5GHz,4GB,2.3kg,585.0
529,Dell,Latitude 5580,15.6,Intel Core i5 7440HQ 2.8GHz,8GB,1.9kg,1377.0
530,Dell,Alienware 17,17.3,Intel Core i7 7700HQ 2.8GHz,16GB,4.42kg,3012.77
531,Toshiba,Satellite Pro,15.6,Intel Core i5 7200U 2.5GHz,8GB,2.0kg,860.0
532,Asus,Zenbook UX510UW-FI095T,15.6,Intel Core i7 7500U 2.7GHz,8GB,2kg,1299.0
533,Mediacom,SmartBook Edge,13.3,Intel Celeron Quad Core N3450 1.1GHz,4GB,1.2kg,369.0
534,Asus,ROG Strix,15.6,Intel Core i5 7300HQ 2.5GHz,8GB,2.3kg,1649.0
535,Dell,Latitude 5580,15.6,Intel Core i7 7600U 2.8GHz,8GB,1.93kg,1369.0
536,Dell,Inspiron 5570,15.6,Intel Core i5 8250U 1.6GHz,8GB,2.2kg,797.41
537,HP,250 G6,15.6,Intel Pentium Quad Core N3710 1.6GHz,4GB,1.86kg,398.99
538,HP,Omen 15-ce006nv,17.3,Intel Core i7 7700HQ 2.8GHz,12GB,2.62kg,1799.0
539,Lenovo,Thinkpad E470,14.0,Intel Core i7 7500U 2.7GHz,8GB,1.87kg,859.0
540,Dell,XPS 13,13.3,Intel Core i7 8550U 1.8GHz,8GB,1.2kg,1399.0
541,Dell,Vostro 5468,14.0,Intel Core i3 6006U 2GHz,4GB,1.6kg,735.87
542,HP,Envy 13-AB020nr,13.3,Intel Core i7 7500U 2.7GHz,8GB,1.34kg,1145.0
543,Acer,Aspire 7,15.6,Intel Core i5 7300HQ 2.5GHz,8GB,2.4kg,798.0
544,Asus,VivoBook X540YA-XX519T,15.6,AMD E-Series 7110 1.8GHz,4GB,2kg,349.0
545,HP,ProBook 450,15.6,Intel Core i3 7100U 2.4GHz,4GB,2.1kg,705.5
546,Lenovo,ThinkPad E470,14.0,Intel Core i5 7200U 2.5GHz,4GB,1.87kg,785.0
547,Lenovo,V310-15ISK ,15.6,Intel Core i5 6200U 2.3GHz,4GB,2.15kg,462.35
548,HP,250 G6,15.6,Intel Core i3 6006U 2GHz,4GB,1.86kg,397.0
549,Lenovo,ThinkPad T570,15.6,Intel Core i7 7500U 2.7GHz,8GB,1.99kg,1729.0
550,Lenovo,IdeaPad 320-15ISK,15.6,Intel Core i3 6006U 2GHz,4GB,2.2kg,499.0
551,Dell,Latitude 5580,15.6,Intel Core i5 7200U 2.5GHz,8GB,1.9kg,1116.99
552,Dell,Alienware 17,17.3,Intel Core i7 7700HQ 2.8GHz,16GB,4.42kg,2699.0
553,HP,17-X047na ,17.3,Intel Core i3 6006U 2GHz,8GB,2.65kg,544.15
554,HP,ProBook 470,17.3,Intel Core i7 7500U 2.7GHz,8GB,2.63kg,1280.0
555,Asus,A541NA-GO342 ,15.6,Intel Celeron Dual Core N3350 1.1GHz,4GB,2kg,224.0
556,Mediacom,SmartBook 130,13.3,Intel Atom x5-Z8350 1.44GHz,4GB,1.35kg,255.0
557,Lenovo,IdeaPad 320-17IKB,17.3,Intel Core i7 7500U 2.7GHz,6GB,2.8kg,949.0
558,HP,15-bw007nv ,15.6,AMD A10-Series A10-9620P 2.5GHz,6GB,1.91kg,568.9
559,Dell,Vostro 3568,15.6,Intel Core i3 6006U 2GHz,4GB,2.18kg,617.9
560,Acer,Spin SP111-31,11.6,Intel Celeron Dual Core N3350 2.0GHz,4GB,1.25kg,349.0
561,Lenovo,V330-15IKB ,15.6,Intel Core i3 7130U 2.7GHz,4GB,2.05kg,630.0
562,HP,EliteBook 1030,13.3,Intel Core M 6Y75 1.2GHz,16GB,1.16kg,1965.0
563,Lenovo,Thinkpad P71,17.3,Intel Core i7 7700HQ 2.8GHz,8GB,3.4kg,2999.0
564,Asus,FX553VD-DM627T ,15.6,Intel Core i5 7300HQ 2.5GHz,8GB,2.5kg,839.0
565,Dell,XPS 13,13.3,Intel Core i5 8250U 1.6GHz,8GB,1.21kg,1599.0
566,Dell,Latitude 5580,15.6,Intel Core i5 7300U 2.6GHz,4GB,1.93kg,959.0
567,Fujitsu,Lifebook A557,15.6,Intel Core i5 7200U 2.5GHz,8GB,2.2kg,739.0
568,Lenovo,IdeaPad 320-15IAP,15.6,Intel Pentium Quad Core N4200 1.1GHz,4GB,2.2kg,344.0
569,Lenovo,ThinkPad L470,14.0,Intel Core i5 7200U 2.5GHz,4GB,2.02kg,990.0
570,HP,ZBook 17,17.3,Intel Core i5 7440HQ 2.8GHz,8GB,3.14kg,1860.99
571,HP,14-am079na ,14.0,Intel Pentium Quad Core N3710 1.6GHz,8GB,1.94kg,389.0
572,HP,15-cd005nv ,15.6,AMD A9-Series A9-9420 3GHz,6GB,1.95kg,649.0
573,Lenovo,Thinkpad E570,15.6,Intel Core i5 7200U 2.5GHz,8GB,2.3kg,830.0
574,Lenovo,V330-15IKB ,15.6,Intel Core i5 8250U 1.6GHz,4GB,2.05kg,685.0
575,Mediacom,SmartBook 141,14.0,Intel Atom x5-Z8350 1.44GHz,4GB,1.4kg,249.0
576,Toshiba,Tecra X40-D-10H,14.0,Intel Core i7 7500U 2.7GHz,16GB,1.24kg,1865.0
577,Lenovo,IdeaPad Y910-17ISK,17.3,Intel Core i7 6820HK 2.7GHz,32GB,4.6kg,2663.0
578,MSI,GT73VR Titan,17.3,Intel Core i7 7820HK 2.9GHz,16GB,4.14kg,2729.0
579,Dell,Inspiron 3567,15.6,Intel Core i7 7500U 2.7GHz,8GB,2.2kg,749.01
580,Mediacom,SmartBook Edge,14.0,Intel Celeron Quad Core N3450 1.1GHz,4GB,1.45kg,389.0
581,Dell,Latitude 5580,15.6,Intel Core i5 7300U 2.6GHz,8GB,1.9kg,1008.52
582,HP,ProBook 430,13.3,Intel Core i3 7100U 2.4GHz,4GB,1.49kg,719.0
583,Dell,Latitude 5580,15.6,Intel Core i7 7600U 2.8GHz,16GB,1.93kg,1537.39
584,Dell,Chromebook 11,11.6,Intel Celeron Dual Core N3060 1.6GHz,4GB,1.26kg,295.0
585,MSI,GT80S 6QE,17.3,Intel Core i7 6820HK 2.7GHz,16GB,4.5kg,2349.0
586,HP,Omen 17-AN010nv,17.3,Intel Core i7 7700HQ 2.8GHz,16GB,3.78kg,1498.0
587,Lenovo,Thinkpad T460s,14.0,Intel Core i7 6600U 2.6GHz,12GB,1.4kg,1673.0
588,Lenovo,Ideapad 320-15IKBR,15.6,Intel Core i7 8550U 1.8GHz,12GB,2.2kg,609.0
589,Asus,ROG Strix,17.3,Intel Core i5 7300HQ 2.5GHz,8GB,2.73kg,1770.0
590,Asus,TP501UA-CJ131T ,15.6,Intel Core i5 7200U 2.5GHz,8GB,2.2kg,739.0
591,Lenovo,IdeaPad 320-15ABR,15.6,AMD A12-Series 9720P 3.6GHz,12GB,2.2kg,949.0
592,Dell,Inspiron 3179,11.6,Intel Core M 7Y30 1.0GHz,4GB,1.39kg,603.0
593,Samsung,Notebook Odyssey,15.6,Intel Core i7 7700HQ 2.8GHz,16GB,2.5kg,1699.0
594,Lenovo,V320-17ISK ,17.3,Intel Core i3 6006U 2GHz,4GB,2.8kg,529.0
595,Lenovo,IdeaPad 110-15ISK,15.6,Intel Core i3 6100U 2.3GHz,8GB,2.29kg,459.0
596,Lenovo,ThinkPad Yoga,13.3,Intel Core i7 7500U 2.7GHz,8GB,1.37kg,2025.0
597,Lenovo,Thinkpad T470p,14.0,Intel Core i5 7300HQ 2.5GHz,8GB,1.7kg,1474.0
598,Dell,Latitude 5289,12.5,Intel Core i5 7200U 2.5GHz,8GB,1.34kg,1670.0
599,Dell,Precision 3520,15.6,Intel Core i7 7700HQ 2.8GHz,8GB,2.06kg,1763.0
600,HP,EliteBook 850,15.6,Intel Core i7 7500U 2.7GHz,8GB,1.84kg,1219.0
601,HP,ProBook 450,15.6,Intel Core i3 7100U 2.4GHz,4GB,2.1kg,668.48
602,Acer,Aspire 1,14.0,Intel Celeron Quad Core N3450 1.1GHz,4GB,1.6kg,329.0
603,MSI,Laptop MSI,17.3,Intel Core i7 6820HK 2.7GHz,16GB,4.14kg,2199.0
604,Dell,Vostro 3568,15.6,Intel Core i3 6006U 2GHz,4GB,2.18kg,465.0
605,MSI,GS63VR 7RF,15.6,Intel Core i7 7700HQ 2.8GHz,16GB,1.8kg,2299.0
606,Toshiba,Tecra Z50-C-144,15.6,Intel Core i7 6500U 2.5GHz,8GB,2.2kg,1399.0
607,Lenovo,IdeaPad 310-15IKB,15.6,Intel Core i5 7200U 2.5GHz,6GB,2.4kg,564.0
608,Lenovo,Yoga 720-15IKB,15.6,Intel Core i7 7700HQ 2.8GHz,8GB,2kg,1299.0
609,Acer,Swift SF114-31-P5HY,14.0,Intel Pentium Quad Core N3710 1.6GHz,4GB,1.6kg,349.0
610,Lenovo,Thinkpad P51,15.6,Intel Xeon E3-1535M v6 3.1GHz,32GB,2.5kg,4899.0
611,Dell,Inspiron 7559,15.6,Intel Core i7 6700HQ 2.6GHz,16GB,2.59kg,879.01
612,Dell,Vostro 3568,15.6,Intel Core i3 6006U 2.0GHz,4GB,2.18kg,443.9
613,Dell,Inspiron 3567,15.6,Intel Core i3 6006U 2.0GHz,4GB,2.25kg,359.0
614,Dell,Latitude 5580,15.6,Intel Core i5 7300U 2.6GHz,4GB,1.93kg,869.0
615,Asus,FX753VD-GC007T ,17.3,Intel Core i7 7700HQ 2.8GHz,8GB,3kg,1168.0
616,Dell,Vostro 3568,15.6,Intel Core i5 7200U 2.5GHz,4GB,2.18kg,569.0
617,HP,EliteBook 850,15.6,Intel Core i7 7500U 2.7GHz,8GB,1.84kg,1389.0
618,MSI,GT62VR 7RE,15.6,Intel Core i7 7700HQ 2.8GHz,16GB,2.94kg,2267.86
619,Acer,CB5-132T-C9KK ,11.6,Intel Celeron Quad Core N3160 1.6GHz,4GB,1.25kg,379.0
620,HP,ProBook 650,14.0,Intel Core i5 7300U 2.6GHz,8GB,2.31kg,1124.0
621,Lenovo,ThinkPad T470,14.0,Intel Core i5 6200U 2.3GHz,8GB,1.65kg,1465.0
622,Dell,Inspiron 5570,15.6,Intel Core i5 8250U 1.6GHz,4GB,2.2kg,776.0
623,Fujitsu,LifeBook A557,15.6,Intel Core i5 7200U 2.5GHz,8GB,2.2kg,799.0
624,HP,EliteBook 850,15.6,Intel Core i5 6200U 2.3GHz,4GB,1.88kg,932.0
625,Lenovo,IdeaPad 320-15IKB,15.6,Intel Core i7 7500U 2.7GHz,8GB,2.2kg,899.0
626,Mediacom,SmartBook 140,14.0,Intel Atom x5-Z8350 1.44GHz,2GB,1.4kg,239.0
627,Lenovo,IdeaPad 320-15IKBN,15.6,Intel Core i5 7200U 2.5GHz,4GB,2.2kg,468.0
628,Asus,Q304UA-BHI5T11 ,13.3,Intel Core i5 7200U 2.5GHz,6GB,1.5kg,639.01
629,Dell,XPS 15,15.6,Intel Core i7 7700HQ 2.8GHz,8GB,2kg,1820.0
630,Asus,ZenBook 3,14.0,Intel Core i7 7500U 2.7GHz,16GB,1.1kg,1900.0
631,Dell,Inspiron 7567,15.6,Intel Core i7 7700HQ 2.8GHz,16GB,2.62kg,1479.0
632,Lenovo,V330-15IKB ,15.6,Intel Core i5 8250U 1.6GHz,4GB,1.8kg,829.0
633,Lenovo,Ideapad 320-15ISK,15.6,Intel Core i3 6006U 2GHz,4GB,2.2kg,579.0
634,Asus,X541NA-GO414T ,15.6,Intel Celeron Dual Core N3350 1.1GHz,8GB,2kg,399.0
635,Asus,VivoBook Pro,15.6,Intel Core i5 7300HQ 2.5GHz,8GB,1.99kg,906.62
636,Dell,XPS 13,13.3,Intel Core i5 8250U 1.6GHz,8GB,1.23kg,1869.0
637,Lenovo,IdeaPad 100S-14IBR,14.0,Intel Celeron Dual Core N3060 1.6GHz,2GB,1.42kg,249.0
638,Lenovo,Thinkpad Yoga,13.3,Intel Core i7 7500U 2.7GHz,8GB,1.37kg,1757.42
639,Dell,XPS 15,15.6,Intel Core i7 7700HQ 2.8GHz,16GB,2.06kg,2399.0
640,Lenovo,Legion Y520-15IKBN,15.6,Intel Core i7 7700HQ 2.8GHz,8GB,2.5kg,1109.0
641,HP,17-AK091ND ,17.0,AMD A9-Series 9420 3GHz,8GB,2.6kg,520.9
642,Lenovo,ThinkPad X1,14.0,Intel Core i7 7500U 2.7GHz,16GB,1.14kg,2450.0
643,Asus,ROG GL553VE-FY022,15.6,Intel Core i7 7700HQ 2.8GHz,8GB,2.5kg,1169.0
644,Acer,Extensa EX2540,15.6,Intel Core i3 6006U 2GHz,4GB,2.4kg,450.0
645,Lenovo,IdeaPad 100S-14IBR,14.0,Intel Celeron Dual Core N3060 1.6GHz,4GB,1.43kg,274.0
646,Acer,Swift 3,14.0,Intel Core i5 7200U 2.5GHz,8GB,1.8kg,919.0
647,Razer,Blade Pro,14.0,Intel Core i7 7700HQ 2.8GHz,16GB,1.95kg,2599.0
648,Toshiba,Portege Z30-C-16J,13.3,Intel Core i5 6200U 2.3GHz,8GB,1.2kg,1213.0
649,Lenovo,Thinkpad X270,12.5,Intel Core i7 7500U 2.7GHz,8GB,1.36kg,1584.0
650,Asus,ROG G701VI,17.3,Intel Core i7 6820HK 2.7GHz,32GB,3.8kg,2799.0
651,Acer,A715-71G-59DH ,15.6,Intel Core i5 7300HQ 2.5GHz,8GB,2.4kg,709.0
652,Dell,XPS 13,13.3,Intel Core i5 8250U 1.6GHz,8GB,1.2kg,1449.9
653,MSI,GL62M 7REX,15.6,Intel Core i7 7700HQ 2.8GHz,8GB,2.2kg,1191.8
654,HP,250 G6,15.6,Intel Core i3 6006U 2GHz,4GB,1.86kg,364.9
655,Toshiba,Tecra A50-D-11M,15.6,Intel Core i5 7200U 2.5GHz,8GB,2.0kg,1064.0
656,Dell,Inspiron 5570,15.6,Intel Core i7 8550U 1.8GHz,8GB,2.2kg,919.0
657,Dell,Inspiron 5570,15.6,Intel Core i7 8550U 1.8GHz,16GB,2.2kg,1135.0
658,Lenovo,IdeaPad Y700-15ISK,15.6,Intel Core i7 6700HQ 2.6GHz,8GB,3.31kg,1196.0
659,Dell,Alienware 17,17.3,Intel Core i7 7700HQ 2.8GHz,32GB,4.42kg,3147.37
660,Dell,Latitude E7470,14.0,Intel Core i5 6300U 2.4GHz,8GB,1.56kg,1229.0
661,Lenovo,Ideapad 320-15IAP,15.6,Intel Celeron Dual Core N3350 1.1GHz,4GB,2.2kg,419.0
662,Lenovo,IdeaPad 320-15ISK,15.6,Intel Core i5 6200U 2.3GHz,4GB,2.2kg,535.0
663,HP,15-ay047nv ,15.6,Intel Core i3 6006U 2GHz,6GB,2.04kg,539.0
664,MSI,GP72VR Leopard,17.3,Intel Core i7 7700HQ 2.8GHz,8GB,2.7kg,1486.77
665,Toshiba,Satellite Pro,15.6,Intel Core i3 6100U 2.1GHz,4GB,2.1kg,498.0
666,Dell,Latitude 3580,15.6,Intel Core i5 7200U 2.5GHz,8GB,2.06kg,955.0
667,HP,15-bs012nv ,15.6,Intel Core i7 7500U 2.7GHz,8GB,2.1kg,745.0
668,Toshiba,Tecra Z50-D-10E,15.6,Intel Core i5 7200U 2.5GHz,8GB,2.0kg,1258.0
669,Acer,Aspire 3,15.6,Intel Core i3 6006U 2GHz,4GB,2.1kg,412.0
670,Microsoft,Surface Laptop,13.5,Intel Core i7 7600U 2.8GHz,8GB,1.252kg,1867.85
671,Lenovo,V310-15ISK ,15.6,Intel Core i5 7200U 2.5GHz,8GB,1.90kg,817.95
672,Lenovo,Yoga 720-13IKB,13.3,Intel Core i5 7200U 2.5GHz,8GB,1.3kg,1034.0
673,Lenovo,IdeaPad 320-15AST,15.6,AMD E-Series E2-9000 2.2GHz,4GB,2.2kg,349.0
674,HP,Pavilion X360,14.0,Intel Core i3 7100U 2.4GHz,4GB,1.63kg,699.0
675,MSI,GP62 7RDX,15.6,Intel Core i7 7700HQ 2.8GHz,16GB,2.4kg,1294.0
676,Asus,Zenbook 3,14.0,Intel Core i5 7200U 2.5GHz,8GB,1.1kg,1135.0
677,HP,Chromebook X360,11.6,Intel Celeron Dual Core N3350 1.1GHz,8GB,1.4kg,495.0
678,LG,Gram 15Z975,15.6,Intel Core i7 8550U 1.8GHz,8GB,1.09kg,2299.0
679,Acer,Aspire VX5-591G,15.6,Intel Core i5 7300HQ 2.5GHz,16GB,2.5kg,1299.0
680,MSI,GV62M 7RD,15.6,Intel Core i5 7300HQ 2.5GHz,8GB,2.2kg,997.9
681,Asus,L502NA-GO052T ,15.6,Intel Celeron Dual Core N3350 1.1GHz,4GB,1.86kg,419.0
682,Dell,Alienware 15,15.6,Intel Core i5 7300HQ 2.5GHz,16GB,3.21kg,2051.0
683,HP,17-bs000nv I3,17.3,Intel Core i3 6006U 2GHz,4GB,2.5kg,699.0
684,Lenovo,Yoga 730,13.3,Intel Core i7 8550U 1.8GHz,8GB,1.19kg,1499.0
685,Dell,Alienware 15,15.6,Intel Core i7 7820HK 2.9GHz,16GB,3.49kg,2813.75
686,HP,250 G6,15.6,Intel Core i5 7200U 2.5GHz,4GB,1.86kg,612.61
687,Dell,Inspiron 3567,15.6,Intel Core i3 6006U 2GHz,4GB,2.2kg,545.67
688,HP,17-Y002nv ,17.3,AMD A10-Series 9600P 2.4GHz,6GB,2.65kg,569.0
689,Lenovo,V110-15ISK ,15.6,Intel Celeron Dual Core 3855U 1.6GHz,4GB,2.1kg,318.0
690,Acer,Chromebook 14,14.0,Intel Celeron Dual Core 3855U 1.6GHz,4GB,1.45kg,375.0
691,Lenovo,IdeaPad 520s-14IKB,14.0,Intel Core i5 7200U 2.5GHz,4GB,1.7kg,699.0
692,HP,ZBook 17,17.3,Intel Core i7 7700HQ 2.8GHz,8GB,3.14kg,1907.99
693,Lenovo,ThinkPad X1,14.0,Intel Core i7 7500U 2.7GHz,8GB,1.42kg,2590.0
694,Toshiba,Satellite Pro,13.3,Intel Core i5 7200U 2.5GHz,8GB,1.5kg,973.0
695,Acer,TravelMate B117-M,11.6,Intel Celeron Dual Core N3050 1.6GHz,4GB,1.4kg,269.0
696,Lenovo,Yoga 910-13IKB,14.0,Intel Core i7 7500U 2.7GHz,16GB,1.38kg,1749.0
697,Asus,Chromebook Flip,12.5,Intel Core M M3-6Y30 0.9GHz,4GB,1.2kg,669.0
698,Toshiba,Portege Z30T-C-133,13.3,Intel Core i7 6500U 2.5GHz,16GB,1.36kg,1877.0
699,HP,15-bs011nv ,15.6,Intel Core i7 7500U 2.7GHz,4GB,2.1kg,689.0
700,Dell,Inspiron 5577,15.6,Intel Core i5 7300HQ 2.5GHz,8GB,2.56kg,819.0
701,Lenovo,IdeaPad 320-15AST,15.6,AMD A9-Series 9420 2.9GHz,4GB,2.2kg,399.0
702,Lenovo,IdeaPad 320-15ABR,15.6,AMD A12-Series 9720P 3.6GHz,8GB,2.2kg,429.0
703,Lenovo,V310-15IKB ,15.6,Intel Core i5 7200U 2.5GHz,4GB,2.1kg,621.45
704,Lenovo,V310-15ISK ,15.6,Intel Core i3 6006U 2GHz,4GB,1.90kg,450.0
705,Dell,Vostro 5568,15.6,Intel Core i5 7200U 2.5GHz,8GB,2.18kg,795.0
706,Acer,Spin 5,13.3,Intel Core i5 8250U 1.6GHz,8GB,1.6kg,999.0
707,Lenovo,ThinkPad P51s,15.6,Intel Core i7 6500U 2.5GHz,16GB,2.18kg,1855.0
708,Lenovo,Thinkpad T460p,14.0,Intel Core i5 6300HQ 2.3GHz,8GB,1.8kg,1191.0
709,HP,17-ak002nv ,17.3,AMD A10-Series 9620P 2.5GHz,6GB,2.71kg,655.01
710,Lenovo,Legion Y520-15IKBN,15.6,Intel Core i7 7700HQ 2.8GHz,8GB,2.5kg,1249.0
711,Dell,Latitude 5480,14.0,Intel Core i5 7440HQ 2.8GHz,8GB,1.64kg,1089.0
712,Dell,Vostro 5568,15.6,Intel Core i5 7200U 2.5GHz,8GB,1.98kg,726.0
713,Asus,VivoBook E403NA,14.0,Intel Celeron Dual Core N3350 1.1GHz,4GB,1.5kg,298.0
714,Dell,Latitude 5580,15.6,Intel Core i5 7300U 2.6GHz,16GB,1.93kg,1426.66
715,Lenovo,Thinkpad E470,14.0,Intel Core i5 7200U 2.5GHz,8GB,1.87kg,857.07
716,Dell,Latitude 5580,15.6,Intel Core i5 7300U 2.6GHz,8GB,1.9kg,1179.0
717,Lenovo,110-15ACL ,15.6,AMD A6-Series 7310 2GHz,4GB,2.19kg,298.0
718,Mediacom,Smartbook 142,14.0,Intel Atom Z8350 1.92GHz,4GB,1.4kg,265.0
719,HP,ProBook 470,17.3,Intel Core i7 7500U 2.7GHz,8GB,2.63kg,1200.0
720,Lenovo,ThinkPad X1,14.0,Intel Core i7 6500U 2.5GHz,8GB,1.17kg,1686.64
721,HP,Pavilion X360,13.3,Intel Core i5 7200U 2.5GHz,8GB,1.58kg,836.6
722,Lenovo,ThinkPad T470s,14.0,Intel Core i5 7200U 2.5GHz,8GB,1.32kg,1499.0
723,Dell,Alienware 17,17.3,Intel Core i7 7700HQ 2.8GHz,32GB,4.36kg,3659.4
724,MSI,GL72M 7REX,17.3,Intel Core i7 7700HQ 2.8GHz,8GB,2.7kg,1348.48
725,Lenovo,V310-15IKB ,15.6,Intel Core i5 7200U 2.5GHz,4GB,1.9kg,489.9
726,Dell,Inspiron 5570,15.6,Intel Core i5 8250U 1.6GHz,8GB,2.2kg,719.0
727,Dell,Inspiron 5378,13.3,Intel Core i3 7100U 2.4GHz,4GB,1.71kg,649.0
728,Dell,Inspiron 5567,15.6,Intel Core i5 7200U 2.5GHz,8GB,2.32kg,589.52
729,HP,15-BW037na ,15.6,AMD A9-Series 9420 3GHz,4GB,2.1kg,489.0
730,Acer,Predator 17,17.3,Intel Core i7 6700HQ 2.6GHz,16GB,4.2kg,1935.0
731,Dell,Inspiron 3567,15.6,Intel Core i5 7200U 2.5GHz,12GB,2.25kg,649.0
732,HP,15-BW091ND ,15.6,AMD A9-Series A9-9420 3GHz,6GB,2.1kg,650.0
733,Acer,Extensa EX2540-58KR,15.6,Intel Core i5 7200U 2.5GHz,4GB,2.4kg,559.0
734,Lenovo,ThinkPad 13,13.3,Intel Core i5 7200U 2.5GHz,8GB,1.44kg,960.0
735,Lenovo,V310-15IKB ,15.6,Intel Core i7 7500U 2.7GHz,4GB,1.85kg,779.0
736,HP,ZBook 15,15.6,Intel Core i7 7700HQ 2.8GHz,16GB,2.6kg,2419.0
737,Dell,Inspiron 5379,13.3,Intel Core i5 8250U 1.6GHz,8GB,1.55kg,659.0
738,MSI,GS63VR 7RF,15.6,Intel Core i7 7700HQ 2.8GHz,16GB,1.8kg,2094.48
739,Acer,Aspire ES1-572,15.6,Intel Core i3 6006U 2GHz,4GB,2.4kg,410.8
740,Dell,Inspiron 7560,15.6,Intel Core i7 7500U 2.7GHz,8GB,2.0kg,1207.0
741,Dell,Vostro 3568,15.6,Intel Core i3 6006U 2GHz,8GB,2kg,665.0
742,Toshiba,Tecra X40-D-10G,14.0,Intel Core i5 7200U 2.5GHz,8GB,1.25kg,1535.0
743,Lenovo,Flex 5,14.0,Intel Core i5 7200U 2.5GHz,8GB,1.7kg,999.0
744,Lenovo,Thinkpad P51s,15.6,Intel Core i7 7600U 2.8GHz,16GB,2.5kg,3299.0
745,Acer,Chromebook 14,14.0,Intel Celeron Dual Core N3060 1.6GHz,2GB,1.68kg,330.0
746,Samsung,Notebook 9,13.3,Intel Core i7 7500U 2.7GHz,16GB,0.81kg,1649.0
747,HP,250 G6,15.6,Intel Core i3 6006U 2GHz,8GB,1.86kg,539.0
748,Dell,Latitude 5480,14.0,Intel Core i5 7200U 2.5GHz,8GB,1.6kg,1126.71
749,HP,Zbook 17,17.3,Intel Xeon E3-1535M v5 2.9GHz,16GB,3kg,4389.0
750,Lenovo,N23 ,11.6,Intel Celeron Dual Core N3060 1.6GHz,4GB,1.4kg,475.0
751,HP,EliteBook 850,15.6,Intel Core i5 6300U 2.4GHz,8GB,1.84kg,1900.0
752,Asus,X550VX-XX015D ,15.6,Intel Core i5 6300HQ 2.3GHz,4GB,2.45kg,579.0
753,Lenovo,Thinkpad T460,14.0,Intel Core i5 6200U 2.3GHz,4GB,1.7kg,1096.0
754,Asus,Pro P2540UA-XO0192R,15.6,Intel Core i7 7500U 2.7GHz,4GB,2.37kg,849.9
755,Lenovo,Yoga 900-13ISK,13.3,Intel Core i5 6260U 1.8GHz,8GB,1.3kg,1199.0
756,HP,15-cb003na ,15.6,Intel Core i5 7300HQ 2.5GHz,8GB,2.2kg,1099.0
757,HP,ZBook 15,15.6,Intel Core i7 6700HQ 2.6GHz,8GB,2.59kg,1561.0
758,Dell,Alienware 17,15.6,Intel Core i7 7700HQ 2.8GHz,16GB,4.42kg,2868.99
759,Acer,Aspire 3,15.6,Intel Core i5 7200U 2.5GHz,4GB,2.1kg,599.0
760,Lenovo,Legion Y520-15IKBN,15.6,Intel Core i7 7700HQ 2.8GHz,8GB,2.5kg,1048.0
761,Dell,Latitude 7280,12.5,Intel Core i7 7600U 2.8GHz,16GB,1.18kg,1859.0
762,Google,Pixelbook ,12.3,Intel Core i5 7Y57 1.2GHz,8GB,1.1kg,1559.0
763,Asus,Zenbook UX330UA-AH5Q,13.3,Intel Core i5 7200U 2.5GHz,8GB,1.2kg,1129.0
764,Dell,Latitude 3380,13.3,Intel Core i3 6006U 2GHz,4GB,1.65kg,849.0
765,Acer,TravelMate P238-M,13.3,Intel Core i5 6200U 2.3GHz,4GB,1.6kg,655.0
766,Asus,X751NV-TY001 ,17.3,Intel Pentium Quad Core N4200 1.1GHz,4GB,2.8kg,470.34
767,Dell,Inspiron 7559,15.6,Intel Core i7 6700HQ 2.6GHz,16GB,2.72kg,1099.0
768,Samsung,Notebook 9,13.3,Intel Core i7 7500U 2.7GHz,8GB,1.31kg,1599.0
769,Acer,Aspire A315-31,15.6,Intel Pentium Quad Core N4200 1.1GHz,4GB,2.1kg,298.0
770,Dell,Inspiron 5567,15.6,Intel Core i7 7500U 2.7GHz,16GB,2.3kg,1181.27
771,Samsung,Notebook 9,15.0,Intel Core i7 7500U 2.7GHz,16GB,1.71kg,1799.0
772,Toshiba,Tecra A40-C-1E5,14.0,Intel Core i5 6200U 2.3GHz,4GB,1.75kg,1020.0
773,Dell,Inspiron 7567,15.6,Intel Core i7 7700HQ 2.8GHz,8GB,2.62kg,1099.0
774,HP,EliteBook 820,12.5,Intel Core i5 6200U 2.3GHz,4GB,1.26kg,1244.0
775,Asus,Q524UQ-BHI7T15 ,15.6,Intel Core i7 7500U 2.7GHz,12GB,2.3kg,839.0
776,Lenovo,Thinkpad P50,15.6,Intel Core i7 6820HQ 2.7GHz,16GB,2.5kg,2370.0
777,Acer,Swift 3,14.0,Intel Core i3 7100U 2.4GHz,4GB,1.8kg,636.0
778,Razer,Blade Pro,14.0,Intel Core i7 7700HQ 2.8GHz,16GB,1.95kg,2899.0
779,Asus,Vivobook Max,15.6,Intel Pentium Dual Core N4200 1.1GHz,8GB,2kg,581.9
780,Dell,Alienware 17,17.3,Intel Core i7 7700HQ 2.8GHz,32GB,4.42kg,3588.8
781,Asus,Rog G752VS-BA171T,17.3,Intel Core i7 6700HQ 2.6GHz,16GB,4.3kg,2350.0
782,Toshiba,Tecra Z40-C-161,14.0,Intel Core i7 6600U 2.6GHz,16GB,1.47kg,1764.0
783,Lenovo,IdeaPad 110-15IBR,15.6,Intel Celeron Quad Core N3710 1.6GHz,8GB,2.2kg,329.0
784,Lenovo,ThinkPad T470s,14.0,Intel Core i7 7500U 2.7GHz,16GB,1.7kg,2299.0
785,MSI,GS43VR 7RE,14.0,Intel Core i7 7700HQ 2.8GHz,16GB,1.6kg,1891.0
786,MSI,GL62M ,15.6,Intel Core i5 7300HQ 2.5GHz,8GB,2.2kg,1089.0
787,Lenovo,Legion Y520-15IKBN,15.6,Intel Core i7 7700HQ 2.8GHz,4GB,2.4kg,999.0
788,Acer,Predator G9-793,17.3,Intel Core i7 7700HQ 2.8GHz,16GB,4.2kg,2299.0
789,Dell,Inspiron 7567,15.6,Intel Core i5 7300HQ 2.5GHz,8GB,2.62kg,985.0
790,Asus,FX502VM-DM560T ,15.6,Intel Core i7 7700HQ 2.8GHz,8GB,2.24kg,1339.0
791,Vero,K146 ,14.0,Intel Celeron Dual Core N3350 1.1GHz,4GB,1.22kg,202.9
792,Lenovo,ThinkPad Yoga,13.3,Intel Core i7 7500U 2.7GHz,8GB,1.37kg,1970.0
793,Lenovo,Yoga 510-15IKB,15.6,Intel Core i5 7200U 2.5GHz,8GB,2.08kg,959.0
794,Apple,"MacBook 12""",12.0,Intel Core M 1.2GHz,8GB,0.920kg,1165.0
795,Lenovo,ThinkPad X1,14.0,Intel Core i5 7200U 2.5GHz,8GB,1.42kg,2330.0
796,Asus,R417NA-RS01 ,14.0,Intel Celeron Dual Core N3350 1.1GHz,4GB,1.63kg,299.0
797,Dell,Latitude 3580,15.6,Intel Core i5 7200U 2.5GHz,8GB,1.95kg,810.0
798,Lenovo,Yoga 910-13IKB,13.9,Intel Core i7 7500U 2.7GHz,8GB,1.38kg,1349.0
799,Dell,Vostro 5568,15.6,Intel Core i3 6006U 2GHz,8GB,2kg,739.0
800,HP,ZBook 17,15.6,Intel Core i7 7700HQ 2.8GHz,8GB,3.14kg,2064.9
801,Asus,Pro P2540UA-XS51,15.6,Intel Core i5 7200U 2.5GHz,8GB,2.37kg,1099.0
802,Dell,XPS 13,13.3,Intel Core i5 7200U 2.5GHz,8GB,1.29kg,1499.0
803,Dell,XPS 15,15.6,Intel Core i5 7300HQ 2.5GHz,8GB,2.06kg,1749.0
804,Dell,Latitude 3180,11.6,Intel Pentium Quad Core N4200 1.1GHz,4GB,1.63kg,744.0
805,HP,EliteBook 820,12.5,Intel Core i5 7300U 2.6GHz,8GB,1.26kg,1389.0
806,Toshiba,Satellite Pro,15.6,Intel Core i5 6200U 2.3GHz,4GB,2.1kg,780.0
807,HP,15-ba043na ,15.6,AMD A12-Series 9700P 2.5GHz,8GB,2.04kg,629.0
808,Dell,Inspiron 7567,15.6,Intel Core i7 7700HQ 2.8GHz,16GB,2.62kg,1679.0
809,Lenovo,IdeaPad 310-15IKB,15.6,Intel Core i5 7200U 2.5GHz,4GB,2.4kg,609.0
810,HP,Omen 17-an012dx,17.3,Intel Core i7 7700HQ 2.8GHz,12GB,3.74kg,1749.0
811,MSI,GE72MVR 7RG,17.3,Intel Core i7 7700HQ 2.8GHz,16GB,2.9kg,2415.0
812,Samsung,Notebook 9,13.3,Intel Core i5 7200U 2.5GHz,8GB,0.81kg,1499.0
813,Dell,Vostro 5568,15.6,Intel Core i7 7500U 2.7GHz,8GB,1.98kg,961.0
814,Dell,Vostro 3568,15.6,Intel Core i5 7200U 2.5GHz,8GB,2.18kg,789.81
815,Lenovo,Thinkpad T470s,14.0,Intel Core i7 7500U 2.7GHz,8GB,1.32kg,1859.0
816,Razer,Blade Stealth,12.5,Intel Core i7 7500U 2.5GHz,16GB,1.29kg,1799.0
817,HP,Chromebook 11,11.6,Intel Celeron Dual Core N3060 1.6GHz,4GB,1.23kg,385.0
818,Dell,Alienware 17,17.3,Intel Core i7 7700HQ 2.8GHz,16GB,4.36kg,2505.02
819,Dell,Latitude 3480,14.0,Intel Core i5 6200U 2.3GHz,4GB,1.76kg,755.0
820,Lenovo,V110-15ISK ,15.6,Intel Core i3 6006U 2GHz,4GB,2.1kg,489.9
821,Toshiba,Tecra X40-D-10Z,14.0,Intel Core i5 7200U 2.5GHz,4GB,1.25kg,1090.0
822,Lenovo,Thinkpad X1,14.0,Intel Core i7 7500U 2.7GHz,8GB,1.13kg,2499.0
823,MSI,GL62M 7RD,15.6,Intel Core i5 7300HQ 2.5GHz,8GB,2.4kg,1199.0
824,Lenovo,ThinkPad X1,14.0,Intel Core i5 7200U 2.5GHz,8GB,1.13kg,1875.0
825,Toshiba,Satellite Pro,14.0,Intel Pentium Dual Core 4405U 2.1GHz,4GB,1.75kg,499.0
826,Asus,ZenBook Flip,13.3,Intel Core i5 7200U 2.5GHz,8GB,1.1kg,1358.0
827,Dell,Latitude 3480,14.0,Intel Core i3 6006U 2GHz,4GB,1.76kg,585.0
828,Acer,Chromebook 11,11.6,Intel Celeron Dual Core N3060 1.6GHz,4GB,1.35kg,355.0
829,Acer,Swift 3,14.0,Intel Core i3 7100U 2.4GHz,8GB,1.5kg,619.0
830,Razer,Blade Pro,17.3,Intel Core i7 7820HK 2.9GHz,32GB,3.49kg,5499.0
831,Lenovo,Thinkpad X1,14.0,Intel Core i7 6600U 2.6GHz,16GB,1.1kg,2099.0
832,Asus,VivoBook Max,15.6,Intel Core i5 7200U 2.5GHz,4GB,2.1kg,519.0
833,Lenovo,Thinkpad T460,14.0,Intel Core i5 6200U 2.3GHz,8GB,1.7kg,1186.0
834,Lenovo,ThinkPad T470s,14.0,Intel Core i5 7300U 2.6GHz,8GB,1.32kg,1650.0
835,Dell,Alienware 15,15.6,Intel Core i7 7700HQ 2.8GHz,16GB,3.21kg,2774.63
836,Asus,Rog GL702VS-BA023T,17.3,Intel Core i7 7700HQ 2.8GHz,16GB,2.9kg,2419.0
837,Toshiba,Satellite Pro,15.6,Intel Core i3 7100U 2.4GHz,4GB,2.0kg,669.0
838,Lenovo,N42-20 Chromebook,14.0,Intel Celeron Quad Core N3160 1.6GHz,4GB,1.5kg,325.0
839,Asus,R558UA-DM966T ,15.6,Intel Core i5 7200U 2.5GHz,8GB,2.3kg,590.0
840,Asus,Rog GL702VM-GC017T,17.3,Intel Core i7 6700HQ 2.6GHz,16GB,2.73kg,1799.0
841,Dell,Alienware 17,17.3,Intel Core i7 7700HQ 2.8GHz,32GB,4.42kg,3072.89
842,HP,ProBook 470,17.3,Intel Core i5 7200U 2.5GHz,8GB,2.63kg,910.0
843,Dell,Vostro 3568,15.6,Intel Core i5 7200U 2.5GHz,8GB,2.18kg,713.99
844,HP,EliteBook 840,14.0,Intel Core i7 6500U 2.5GHz,8GB,1.54kg,1870.0
845,Dell,Vostro 3568,15.6,Intel Core i7 7500U 2.7GHz,4GB,2.18kg,739.0
846,HP,Chromebook X360,11.6,Intel Celeron Dual Core N3350 1.1GHz,4GB,1.4kg,615.0
847,Asus,ZenBook UX310UQ-GL026T,13.3,Intel Core i5 6200U 2.3GHz,8GB,1.45kg,1026.0
848,HP,EliteBook x360,13.3,Intel Core i5 7200U 2.5GHz,8GB,1.28kg,2277.0
849,HP,EliteBook 840,14.0,Intel Core i7 6500U 2.5GHz,8GB,1.54kg,1468.0
850,HP,250 G6,15.6,Intel Celeron Dual Core N3060 1.6GHz,4GB,1.86kg,299.0
851,Asus,Rog GL502VM-DS74,15.6,Intel Core i7 7700HQ 2.8GHz,16GB,2.1kg,1899.0
852,Dell,Inspiron 5767,17.3,Intel Core i7 7500U 2.7GHz,8GB,2.83kg,865.0
853,Lenovo,ThinkPad T470p,14.0,Intel Core i7 7700HQ 2.8GHz,8GB,1.96kg,1903.0
854,Asus,K556UR-DM621T ,15.6,Intel Core i7 7500U 2.7GHz,8GB,2.3kg,787.0
855,Dell,Latitude 5580,15.6,Intel Core i5 7200U 2.5GHz,8GB,1.9kg,945.0
856,Asus,X541NA ,15.6,Intel Pentium Quad Core N4200 1.1GHz,4GB,2kg,449.0
857,HP,EliteBook x360,13.3,Intel Core i7 7600U 2.8GHz,8GB,1.28kg,2559.0
858,Dell,Inspiron 5368,13.3,Intel Core i5 6200U 2.3GHz,8GB,1.62kg,649.0
859,Lenovo,IdeaPad 110-15ISK,15.6,Intel Core i3 6006U 2.0GHz,4GB,2.2kg,469.0
860,Lenovo,ThinkPad E570,15.6,Intel Core i5 7200U 2.5GHz,8GB,2.3kg,850.66
861,HP,EliteBook 850,15.6,Intel Core i5 7300U 2.6GHz,8GB,1.84kg,1349.0
862,Toshiba,Portege X30-D-10X,13.3,Intel Core i5 7200U 2.5GHz,4GB,1.05kg,1285.0
863,Lenovo,Legion Y520-15IKBN,15.6,Intel Core i5 7300HQ 2.5GHz,8GB,2.5kg,1017.0
864,Dell,XPS 13,13.3,Intel Core i7 7660U 2.5GHz,16GB,1.29kg,2240.0
865,HP,Probook 450,15.6,Intel Core i5 6200U 2.3GHz,4GB,2.07kg,910.0
866,Toshiba,Portg Z30-C-188,13.3,Intel Core i5 6200U 2.3GHz,8GB,1.2kg,1095.0
867,Lenovo,ThinkPad Yoga,13.3,Intel Core i7 7500U 2.7GHz,8GB,1.37kg,1950.0
868,Acer,TMX349-G2-M-50FS ,14.0,Intel Core i5 7200U 2.5GHz,8GB,1.56kg,902.0
869,Dell,Precision 3520,15.6,Intel Core i7 7700HQ 2.8GHz,8GB,2.23kg,1778.0
870,Lenovo,ThinkPad L570,15.6,Intel Core i5 7200U 2.5GHz,4GB,2.38kg,1055.0
871,Lenovo,IdeaPad 110-15ISK,15.6,Intel Core i3 6006U 2GHz,4GB,2.2kg,479.0
872,Toshiba,Tecra A50-D-11D,15.6,Intel Core i7 7500U 2.7GHz,8GB,2.0kg,1388.0
873,Lenovo,Thinkpad 13,13.3,Intel Core i3 7100U 2.4GHz,4GB,1.44kg,735.0
874,Samsung,Notebook 9,15.0,Intel Core i7 7500U 2.7GHz,16GB,1.23kg,1849.0
875,Dell,Latitude 7280,12.5,Intel Core i7 7600U 2.8GHz,8GB,1.6kg,1690.0
876,Asus,X541NA-GO121 ,15.6,Intel Pentium Quad Core N4200 1.1GHz,4GB,2kg,398.99
877,Xiaomi,Mi Notebook,13.3,Intel Core i5 6200U 2.3GHz,8GB,1.28kg,935.0
878,Dell,Vostro 5568,15.6,Intel Core i5 7200U 2.5GHz,4GB,2.18kg,912.5
879,HP,ProBook 450,15.6,Intel Core i5 7200U 2.5GHz,4GB,2.04kg,839.0
880,HP,EliteBook x360,13.3,Intel Core i5 7200U 2.5GHz,4GB,1.28kg,1700.0
881,HP,Pavilion x360,15.6,Intel Core i5 7200U 2.5GHz,4GB,2.3kg,684.8
882,Asus,VivoBook L402NA,14.1,Intel Celeron Dual Core N3350 1.1GHz,4GB,1.65kg,348.0
883,Lenovo,IdeaPad 510-15ISK,15.6,Intel Core i7 6500U 2.5GHz,8GB,2.2kg,669.0
884,Dell,Inspiron 3552,15.6,Intel Pentium Quad Core N3710 1.6GHz,4GB,2.2kg,369.0
885,HP,EliteBook x360,13.3,Intel Core i5 7200U 2.5GHz,4GB,1.28kg,1799.0
886,Dell,Vostro 3568,15.6,Intel Core i3 6006U 2.0GHz,4GB,2.18kg,455.7
887,Asus,Rog GL753VD-GC082T,17.3,Intel Core i5 7300HQ 2.5GHz,12GB,2.2kg,1369.9
888,Acer,Chromebook C731-C78G,11.6,Intel Celeron Dual Core N3060 1.6GHz,4GB,1.25kg,297.0
889,Lenovo,IdeaPad 110-17ACL,17.3,AMD A4-Series 7210 2.2GHz,4GB,2.8kg,379.0
890,HP,Probook 640,14.0,Intel Core i5 7200U 2.5GHz,4GB,1.95kg,1265.0
891,HP,Envy x360,13.3,Intel Core i7 7500U 2.7GHz,16GB,1.42kg,1399.0
892,Samsung,Notebook 9,15.0,Intel Core i7 7500U 2.7GHz,8GB,1.17kg,1699.0
893,Lenovo,ThinkPad T470s,14.0,Intel Core i5 7200U 2.5GHz,8GB,1.32kg,1799.0
894,MSI,GS73VR Stealth,17.3,Intel Core i7 6700HQ 2.6GHz,16GB,2.43kg,2649.0
895,Toshiba,Portege X30-D-10V,13.3,Intel Core i5 7200U 2.5GHz,8GB,1.05kg,1475.0
896,Dell,Inspiron 7567,15.6,Intel Core i7 7700HQ 2.8GHz,8GB,2.62kg,929.0
897,HP,ProBook 450,15.6,Intel Core i7 7500U 2.7GHz,8GB,2.04kg,900.0
898,Dell,Vostro 3568,15.6,Intel Core i3 6006U 2.0GHz,4GB,2.18kg,614.0
899,Dell,Latitude 5580,15.6,Intel Core i5 7300U 2.6GHz,8GB,1.9kg,935.0
900,Dell,XPS 13,13.3,Intel Core i7 7Y75 1.3GHz,8GB,1.24kg,2013.1
901,Asus,G701VO-IH74K ,17.3,Intel Core i7 6820HK 2.7GHz,32GB,3.58kg,1279.0
902,Dell,XPS 13,13.3,Intel Core i7 7Y75 1.3GHz,16GB,1.22kg,1649.0
903,Lenovo,ThinkPad X1,14.0,Intel Core i7 7500U 2.7GHz,8GB,1.13kg,2049.0
904,Lenovo,ThinkPad T570,15.6,Intel Core i5 7200U 2.5GHz,8GB,1.95kg,1962.99
905,LG,Gram 15Z970,15.6,Intel Core i7 7500U 2.7GHz,16GB,1.08kg,2099.0
906,HP,Elitebook 820,12.5,Intel Core i7 7500U 2.7GHz,8GB,1.26kg,1483.0
907,Acer,Chromebook CB5-571-C1DZ,15.6,Intel Celeron Dual Core 3205U 1.5GHz,4GB,2.20kg,359.0
908,Lenovo,IdeaPad Y700-15ISK,15.6,Intel Core i5 6300HQ 2.3GHz,8GB,2.6kg,789.0
909,LG,Gram 14Z970,14.0,Intel Core i7 7500U 2.7GHz,8GB,0.98kg,1899.0
910,Dell,Latitude 5480,14.0,Intel Core i5 7440HQ 2.8GHz,8GB,1.6kg,1205.0
911,HP,Elitebook Folio,12.5,Intel Core M 6Y75 1.2GHz,8GB,1.09kg,3100.0
912,Lenovo,IdeaPad 510-15IKB,15.6,Intel Core i7 7500U 2.7GHz,6GB,2.2kg,789.0
913,HP,ProBook 450,15.6,Intel Core i7 7500U 2.7GHz,8GB,2.04kg,1018.99
914,Acer,Aspire E5-575,15.6,Intel Core i3 7100U 2.4GHz,4GB,2.4kg,499.0
915,Lenovo,ThinkPad 13,13.3,Intel Core i5 7200U 2.5GHz,4GB,1.44kg,881.0
916,HP,Probook 430,13.3,Intel Core i5 7200U 2.5GHz,8GB,1.49kg,960.0
917,MSI,GE72VR 6RF,17.3,Intel Core i7 7700HQ 2.8GHz,16GB,2.7kg,1599.0
918,Dell,Inspiron 7567,15.6,Intel Core i7 7700HQ 2.8GHz,16GB,2.6kg,1349.0
919,MSI,GL62M 7RD,15.6,Intel Core i5 7300HQ 2.5GHz,8GB,2.2kg,1119.91
920,Dell,Vostro 3568,15.6,Intel Core i5 7200U 2.5GHz,4GB,2.18kg,684.99
921,HP,EliteBook 850,15.6,Intel Core i7 6500U 2.5GHz,8GB,1.84kg,1296.99
922,HP,Envy 13-AB077cl,13.3,Intel Core i7 7500U 2.7GHz,8GB,1.39kg,1149.0
923,Toshiba,Tecra Z50-C-140,15.6,Intel Core i7 6600U 2.6GHz,16GB,2.4kg,1975.0
924,Lenovo,ThinkPad Yoga,13.3,Intel Core i5 7200U 2.5GHz,8GB,1.37kg,1825.0
925,Dell,Latitude 3580,15.6,Intel Core i5 6200U 2.3GHz,4GB,1.95kg,729.9
926,Lenovo,Thinkpad X270,12.5,Intel Core i7 7500U 2.7GHz,8GB,1.36kg,1650.0
927,HP,Probook 650,15.6,Intel Core i5 6200U 2.3GHz,8GB,2.31kg,1165.0
928,Dell,Vostro 3568,15.6,Intel Core i5 7200U 2.5GHz,4GB,2.18kg,708.06
929,HP,ProBook 640,14.0,Intel Core i5 6200U 2.3GHz,4GB,1.95kg,1149.0
930,Lenovo,IdeaPad 320-15IAP,15.6,Intel Pentium Quad Core N4200 1.1GHz,4GB,2.2kg,309.0
931,HP,EliteBook 820,12.5,Intel Core i5 6200U 2.3GHz,4GB,1.26kg,1579.0
932,HP,250 G6,15.6,Intel Celeron Dual Core N3060 1.6GHz,4GB,1.86kg,288.9
933,Lenovo,Yoga 900-13ISK,13.3,Intel Core i7 6560U 2.2GHz,16GB,1.3kg,1799.0
934,Toshiba,Tecra Z40-C-12X,14.0,Intel Core i5 6200U 2.3GHz,4GB,1.47kg,1105.0
935,HP,EliteBook 820,12.5,Intel Core i5 6200U 2.3GHz,8GB,1.26kg,1669.0
936,Dell,Vostro 3568,15.6,Intel Core i3 6006U 2.0GHz,4GB,2.18kg,558.6
937,MSI,GP62M Leopard,15.6,Intel Core i7 7700HQ 2.8GHz,8GB,2.2kg,1199.0
938,Dell,Latitude 7480,14.0,Intel Core i5 7200U 2.5GHz,8GB,1.36kg,1639.0
939,Dell,Alienware 17,17.3,Intel Core i7 6820HK 2.7GHz,16GB,4.36kg,2758.0
940,HP,Omen 17-W006na,17.3,Intel Core i5 6300HQ 2.3GHz,8GB,2.75kg,1399.0
941,Asus,X751SV-TY001T ,17.3,Intel Pentium Quad Core N3710 1.6GHz,4GB,2.8kg,530.0
942,Acer,TravelMate P259-G2,15.6,Intel Core i5 7200U 2.5GHz,4GB,2.23kg,619.0
943,Toshiba,Tecra A50-C-1ZV,15.6,Intel Core i5 6200U 2.3GHz,8GB,2.2kg,1119.0
944,Lenovo,Yoga 700-11ISK,11.3,Intel Core M m7-6Y75 1.2GHz,8GB,1.1kg,1299.0
945,Lenovo,IdeaPad Y700-15ACZ,15.6,AMD FX 8800P 2.1GHz,16GB,2.5kg,999.0
946,Dell,Latitude 7280,12.5,Intel Core i5 7200U 2.5GHz,8GB,1.36kg,1472.2
947,Lenovo,IdeaPad 310-15IKB,15.6,Intel Core i7 7500U 2.7GHz,8GB,2.2kg,685.0
948,Dell,Insprion 5767,17.3,Intel Core i3 6006U 2.0GHz,4GB,2.36kg,659.0
949,Acer,Chromebook 14,14.0,Intel Celeron Dual Core N3060 1.6GHz,4GB,1.68kg,349.0
950,HP,ZBook Studio,15.6,Intel Core i7 6820HQ 2.7GHz,8GB,2.0kg,2249.0
951,Dell,Latitude 7480,14.0,Intel Core i7 7600U 2.8GHz,8GB,1.36kg,1775.0
952,Toshiba,Portege Z30-C-1CW,13.3,Intel Core i5 6200U 2.3GHz,8GB,1.2kg,1460.0
953,Asus,Chromebook Flip,12.5,Intel Core M M7-6Y75 1.2GHz,8GB,1.2kg,1159.0
954,Lenovo,Thinkpad T460,14.0,Intel Core i7 6600U 2.6GHz,8GB,1.7kg,1488.99
955,Dell,Alienware 17,17.3,Intel Core i7 7700HQ 2.8GHz,16GB,4.36kg,3154.0
956,Dell,XPS 13,13.3,Intel Core i5 7Y54 1.2GHz,8GB,1.24kg,1899.0
957,HP,ProBook x360,11.6,Intel Pentium Quad Core N4200 1.1GHz,4GB,1.45kg,775.0
958,Dell,XPS 13,13.3,Intel Core i7 6500U 2.5GHz,8GB,1.3kg,1268.0
959,Acer,Chromebook C738T-C2EJ,11.6,Intel Celeron Dual Core N3060 1.6GHz,4GB,1.25kg,389.0
960,Toshiba,Portege Z30-C-16Z,13.3,Intel Core i5 6300U 2.4GHz,8GB,1.2kg,1535.0
961,Lenovo,ThinkPad X270,12.5,Intel Core i5 7300U 2.6GHz,8GB,1.36kg,1760.0
962,Acer,Aspire F5-573G-510L,15.6,Intel Core i5 7200U 2.5GHz,12GB,2.4kg,1009.0
963,Toshiba,Portege X20W-D-10V,12.5,Intel Core i7 7500U 2.7GHz,8GB,1.1kg,1790.0
964,HP,ProBook 450,15.6,Intel Core i5 7200U 2.50GHz,8GB,2.04kg,846.5
965,Dell,Inspiron 3567,15.6,Intel Core i3 6006U 2.0GHz,4GB,2.25kg,465.62
966,Dell,Latitude 5580,15.6,Intel Core i5 7200U 2.5GHz,4GB,1.9kg,825.0
967,HP,ProBook 450,15.6,Intel Core i3 7100U 2.4GHz,4GB,2.04kg,685.0
968,Dell,Alienware 17,17.3,Intel Core i7 7700HQ 2.8GHz,32GB,4.42kg,3149.0
969,Lenovo,IdeaPad 310-15IKB,15.6,Intel Core i5 7200U 2.5GHz,6GB,2.4kg,695.0
970,Dell,XPS 13,13.3,Intel Core i7 7Y75 1.3GHz,16GB,1.22kg,1899.0
971,Dell,Latitude E7470,14.0,Intel Core i7 6600U 2.6GHz,8GB,1.5kg,1962.98
972,Dell,Alienware 17,17.3,Intel Core i7 6700HQ 2.6GHz,32GB,4.42kg,2800.0
973,Toshiba,Tecra A40-C-1DF,14.0,Intel Core i5 6200U 2.3GHz,8GB,1.95kg,1180.0
974,Asus,Rog Strix,17.3,Intel Core i7 7700HQ 2.8GHz,16GB,2.73kg,2049.9
975,HP,Probook 450,15.6,Intel Core i5 7200U 2.70GHz,8GB,2.04kg,979.0
976,Lenovo,ThinkPad T460,14.0,Intel Core i5 6200U 2.3GHz,4GB,1.70kg,1002.0
977,Asus,Q534UX-BHI7T19 ,15.6,Intel Core i7 7500U 2.7GHz,16GB,2.3kg,1799.0
978,HP,15-bs053od ,15.6,Intel Core i7 7500U 2.7GHz,6GB,2.04kg,579.0
979,Asus,Rog GL753VE-DS74,17.3,Intel Core i7 7700HQ 2.8GHz,16GB,2.99kg,1749.0
980,Dell,Inspiron 7579,15.6,Intel Core i7 7500U 2.7GHz,12GB,2.19kg,1299.0
981,Toshiba,Portege Z30-C-1CV,13.3,Intel Core i5 6200U 2.3GHz,4GB,1.2kg,1195.0
982,Lenovo,IdeaPad 320-15ABR,15.6,AMD A12-Series 9720P 3.6GHz,6GB,2.2kg,549.0
983,Fujitsu,LifeBook A556,15.6,Intel Core i5 6200U 2.3GHz,4GB,2.3kg,649.0
984,Toshiba,Tecra A40-C-1KF,14.0,Intel Core i5 6200U 2.3GHz,4GB,1.75kg,915.0
985,Dell,Inspiron 3567,15.6,Intel Core i5 7200U 2.5GHz,4GB,2.25kg,599.0
986,HP,Probook 450,15.6,Intel Core i5 7200U 2.5GHz,8GB,2.04kg,806.0
987,Lenovo,Legion Y520-15IKBN,15.6,Intel Core i7 7700HQ 2.8GHz,8GB,2.5kg,1189.0
988,Dell,Inspiron 5567,15.6,Intel Core i7 7500U 2.7GHz,8GB,2.36kg,749.0
989,Dell,Latitude 5480,14.0,Intel Core i5 7200U 2.5GHz,8GB,1.6kg,1119.0
990,HP,EliteBook Folio,12.5,Intel Core M 6Y75 1.2GHz,8GB,0.97kg,1908.0
991,HP,15-bs005nv ,15.6,Intel Core i3 6006U 2GHz,4GB,2.1kg,499.0
992,Lenovo,V110-15IAP ,15.6,Intel Celeron Dual Core N3350 1.1GHz,4GB,1.9kg,270.62
993,Lenovo,ThinkPad T560,15.6,Intel Core i5 6200U 2.3GHz,8GB,2.3kg,1349.0
994,Dell,Inspiron 5378,13.3,Intel Core i5 7200U 2.5GHz,8GB,1.68kg,889.0
995,Asus,ZenBook UX310UA-FB485T,13.3,Intel Core i5 7200U 2.5GHz,8GB,1.4kg,1150.0
996,HP,Spectre 13-V111dx,13.3,Intel Core i7 7500U 2.7GHz,8GB,1.11kg,1349.0
997,Acer,Aspire ES1-533,15.6,Intel Pentium Quad Core N4200 1.1GHz,4GB,2.4kg,380.0
998,Asus,Rog GL553VE-DS74,15.6,Intel Core i7 7700HQ 2.8GHz,16GB,2.5kg,1799.0
999,HP,EliteBook 840,14.0,Intel Core i7 7500U 2.7GHz,8GB,1.48kg,2089.0
1000,Acer,Nitro 5,15.6,Intel Core i7 7700HQ 2.8GHz,8GB,2.7kg,1260.0
1001,HP,ENVY -,13.3,Intel Core i5 7200U 2.5GHz,8GB,1.34kg,1189.0
1002,Dell,Vostro 3568,15.6,Intel Core i3 7100U 2.4GHz,4GB,2.18kg,547.0
1003,HP,Probook 440,14.0,Intel Core i5 7200U 2.5GHz,4GB,1.64kg,779.0
1004,Toshiba,Portege Z30-C-16H,13.3,Intel Core i5 6200U 2.3GHz,4GB,1.2kg,1195.0
1005,HP,EliteBook 840,14.0,Intel Core i5 6300U 2.4GHz,4GB,1.48kg,1099.99
1006,HP,ProBook 640,14.0,Intel Core i5 7200U 2.5GHz,4GB,1.95kg,1205.0
1007,HP,EliteBook 1040,14.0,Intel Core i7 6600U 2.6GHz,8GB,1.43kg,1449.0
1008,HP,ProBook 440,14.0,Intel Core i5 7200U 2.5GHz,8GB,1.64kg,1049.26
1009,HP,Probook 440,14.0,Intel Core i3 7100U 2.4GHz,4GB,1.64kg,684.0
1010,Dell,Inspiron 7567,15.6,Intel Core i5 7300HQ 2.5GHz,8GB,2.65kg,949.0
1011,HP,EliteBook 820,12.5,Intel Core i5 7200U 2.5GHz,4GB,1.26kg,1539.0
1012,HP,Elitebook 840,14.0,Intel Core i5 7200U 2.5GHz,4GB,1.48kg,1590.0
1013,HP,EliteBook 840,14.0,Intel Core i7 6500U 2.5GHz,8GB,1.54kg,1887.21
1014,HP,Probook 430,13.3,Intel Core i3 7100U 2.4GHz,4GB,1.49kg,800.0
1015,Toshiba,Portege A30-C-1CZ,13.3,Intel Core i5 6200U 2.3GHz,8GB,1.5kg,1210.0
1016,HP,ProBook 450,15.6,Intel Core i3 7100U 2.4GHz,4GB,2.04kg,769.99
1017,Lenovo,ThinkPad P70,17.3,Intel Core i7 6820HQ 2.7GHz,16GB,2.4kg,2968.0
1018,Toshiba,Tecra Z40-C-12Z,14.0,Intel Core i5 6200U 2.3GHz,8GB,1.47kg,1490.0
1019,HP,EliteBook 1040,14.0,Intel Core i7 6500U 2.5GHz,8GB,1.43kg,2229.0
1020,Dell,Inspiron 5568,15.6,Intel Core i3 6100U 2.3GHz,4GB,2.08kg,795.99
1021,Toshiba,Portg Z30-C-16K,13.3,Intel Core i5 6200U 2.3GHz,8GB,1.2kg,1590.0
1022,HP,Spectre 13-V100nv,13.3,Intel Core i5 7200U 2.5GHz,8GB,1.11kg,1149.0
1023,HP,ProBook 440,14.0,Intel Core i7 7500U 2.7GHz,8GB,1.64kg,1185.43
1024,Dell,Latitude E5570,15.6,Intel Core i5 6300U 2.4GHz,8GB,2.09kg,1046.44
1025,HP,Elitebook 820,12.5,Intel Core i5 7200U 2.5GHz,4GB,1.26kg,1559.0
1026,HP,ProBook 650,14.0,Intel Core i5 7200U 2.5GHz,4GB,2.31kg,1189.0
1027,HP,ProBook 640,14.0,Intel Core i5 7200U 2.5GHz,4GB,1.95kg,1060.0
1028,Dell,XPS 13,13.3,Intel Core i5 7200U 2.5GHz,8GB,1.29kg,1624.0
1029,HP,Probook 470,17.3,Intel Core i5 7200U 2.5GHz,8GB,2.63kg,1080.0
1030,HP,ProBook 440,14.0,Intel Core i5 7200U 2.5GHz,4GB,1.64kg,973.0
1031,Acer,Aspire 3,15.6,AMD A9-Series 9420 3GHz,6GB,2.1kg,409.0
1032,MSI,GL72M 7RDX,17.3,Intel Core i7 7700HQ 2.8GHz,8GB,2.7kg,1191.8
1033,HP,Probook 640,14.0,Intel Core i5 6200U 2.3GHz,8GB,1.95kg,1195.0
1034,HP,EliteBook 850,15.6,Intel Core i7 6500U 2.5GHz,8GB,1.84kg,1228.99
1035,HP,EliteBook 820,12.5,Intel Core i7 6500U 2.5GHz,8GB,1.26kg,1349.0
1036,HP,ProBook 450,15.6,Intel Core i5 7200U 2.5GHz,4GB,2.04kg,742.0
1037,Toshiba,Tecra Z40-C-136,14.0,Intel Core i7 6600U 2.6GHz,8GB,1.47kg,1725.0
1038,Dell,Latitude E5570,15.6,Intel Core i5 6300U 2.4GHz,8GB,2.09kg,1062.95
1039,HP,ProBook 440,14.0,Intel Core i5 7200U 2.5GHz,8GB,1.64kg,1010.51
1040,Lenovo,Yoga 500-15ISK,15.6,Intel Core i7 6500U 2.5GHz,4GB,1.8kg,847.0
1041,Vero,V142 ,14.0,Intel Atom X5-Z8350 1.44GHz,2GB,1.45kg,210.8
1042,Toshiba,Tecra A50-C-218,15.6,Intel Core i7 6500U 2.5GHz,16GB,2.4kg,1425.0
1043,Lenovo,Thinkpad L560,15.6,Intel Core i5 6200U 2.3GHz,8GB,2.3kg,1049.6
1044,HP,EliteBook 840,14.0,Intel Core i5 6200U 2.3GHz,4GB,1.54kg,1000.0
1045,HP,EliteBook 850,15.6,Intel Core i5 6300U 2.4GHz,8GB,1.84kg,2103.34
1046,HP,EliteBook 1040,14.0,Intel Core i5 6200U 2.3GHz,8GB,1.43kg,1469.0
1047,MSI,GT72S Dominator,17.3,Intel Core i7 6820HK 2.7GHz,16GB,3.78kg,1545.64
1048,Lenovo,IdeaPad Y900-17ISK,17.3,Intel Core i7 6700HQ 2.6GHz,16GB,4.6kg,2289.99
1049,Asus,Chromebook C202SA,11.6,Intel Celeron Dual Core N3060 1.6GHz,4GB,1.2kg,287.9
1050,Lenovo,ThinkPad X1,14.0,Intel Core i7 6600U 2.6GHz,16GB,1.1kg,2620.0
1051,HP,Noteb Pav,15.6,Intel Core i7 7500U 2.7GHz,8GB,1.91kg,979.0
1052,Dell,Inspiron 5578,15.6,Intel Core i5 7200U 2.7GHz,8GB,2.3kg,1094.0
1053,HP,ProBook 450,15.6,Intel Core i5 7200U 2.5GHz,4GB,2.04kg,979.0
1054,Dell,XPS 13,13.3,Intel Core i7 7500U 2.7GHz,16GB,1.2kg,2254.0
1055,HP,ProBook 650,15.6,Intel Core i3 6100U 2.3GHz,4GB,2.31kg,705.15
1056,HP,250 G5,15.6,Intel Core i5 7200U 2.5GHz,4GB,1.96kg,499.0
1057,Acer,Aspire ES1-523,15.6,AMD A8-Series 7410 2.2GHz,8GB,2.4kg,449.0
1058,Dell,Inspiron 7378,13.3,Intel Core i7 7500U 2.7GHz,12GB,1.6kg,1299.0
1059,MSI,GT62VR 6RD,15.6,Intel Core i7 6700HQ 2.6GHz,16GB,2.94kg,1819.0
1060,HP,ProBook 450,15.6,Intel Core i7 7500U 2.7GHz,8GB,2.04kg,1070.0
1061,Asus,Rog G752VL-GC088D,17.3,Intel Core i7 6700HQ 2.6GHz,16GB,4kg,998.0
1062,Dell,Inspiron 3567,15.6,Intel Core i5 7200U 2.5GHz,4GB,2.25kg,559.0
1063,Dell,Inspiron 5567,15.6,Intel Core i7 7500U 2.7GHz,16GB,2.32kg,989.99
1064,MSI,GS63VR 6RF,15.6,Intel Core i7 6700HQ 2.6GHz,16GB,1.8kg,1929.0
1065,Dell,XPS 13,13.3,Intel Core i7 7500U 2.7GHz,8GB,1.29kg,1458.0
1066,Asus,ROG G701VO,17.3,Intel Core i7 6820HK 2.7GHz,64GB,3.58kg,3975.0
1067,Dell,Inspiron 5368,13.3,Intel Core i7 6500U 2.5GHz,8GB,1.62kg,798.01
1068,Dell,Alienware 15,15.6,Intel Core i7 6700HQ 2.6GHz,16GB,3.21kg,1329.0
1069,Apple,"MacBook 12""",12.0,Intel Core M 1.1GHz,8GB,0.920kg,1300.0
1070,Dell,Latitude 3570,15.6,Intel Core i3 6100U 2.3GHz,4GB,2.06kg,481.98
1071,HP,ProBook 650,15.6,Intel Core i5 6200U 2.3GHz,4GB,2.31kg,1199.0
1072,HP,EliteBook 820,12.5,Intel Core i5 6200U 2.3GHz,8GB,1.26kg,1199.0
1073,HP,ProBook 430,13.3,Intel Core i7 7500U 2.7GHz,8GB,1.49kg,1090.0
1074,Lenovo,ThinkPad Yoga,12.5,Intel Core i7 6500U 2.5GHz,8GB,1.3kg,1713.49
1075,Lenovo,IdeaPad 300-17ISK,17.3,Intel Core i5 6200U 2.3GHz,8GB,3.0kg,659.0
1076,Lenovo,Ideapad 700-15ISK,15.6,Intel Core i5 6300HQ 2.3GHz,4GB,2.3kg,977.0
1077,MSI,GT72VR Dominator,17.3,Intel Core i7 7700HQ 2.8GHz,16GB,3.78kg,2499.0
1078,Lenovo,V110-15ISK ,15.6,Intel Core i5 6200U 2.3GHz,4GB,2.1kg,540.0
1079,HP,Probook 650,15.6,Intel Core i5 6200U 2.3GHz,4GB,2.31kg,940.0
1080,Lenovo,Yoga 900S-12ISK,12.5,Intel Core M 6Y75 1.2GHz,8GB,0.99kg,1399.0
1081,Lenovo,IdeaPad Y900-17ISK,17.3,Intel Core i7 6820HK 2.7GHz,32GB,4.6kg,3240.0
1082,Lenovo,Yoga Book,10.1,Intel Atom x5-Z8550 1.44GHz,4GB,0.69kg,646.27
1083,HP,Spectre x360,13.3,Intel Core i7 7500U 2.7GHz,16GB,1.3kg,2049.0
1084,Dell,Vostro 3568,15.6,Intel Core i5 7200U 2.5GHz,8GB,2.18kg,750.0
1085,HP,EliteBook 840,14.0,Intel Core i5 6200U 2.3GHz,4GB,1.54kg,1030.99
1086,HP,ZBook 15u,15.6,Intel Core i7 6500U 2.5GHz,8GB,1.9kg,1495.0
1087,Lenovo,ThinkPad T460,14.0,Intel Core i5 6200U 2.3GHz,8GB,1.7kg,1199.0
1088,HP,Chromebook 13,13.3,Intel Pentium Dual Core 4405Y 1.5GHz,4GB,1.29kg,615.0
1089,Acer,Aspire ES1-523,15.6,AMD A8-Series 7410 2.2GHz,4GB,2.4kg,387.0
1090,Dell,Inspiron 3552,15.6,Intel Pentium Quad Core N3700 1.6GHz,4GB,2.2kg,393.49
1091,HP,250 G6,15.6,Intel Core i3 6006U 2GHz,4GB,1.86kg,345.99
1092,Asus,Rog GL702VM-GC354T,17.3,Intel Core i7 7700HQ 2.8GHz,8GB,2.7kg,1599.0
1093,Dell,Inspiron 5370,13.3,Intel Core i5 8250U 1.6GHz,4GB,1.4kg,818.35
1094,HP,Elitebook 820,12.5,Intel Core i5 6200U 2.3GHz,4GB,2.4kg,1599.0
1095,Acer,Aspire F5-573G,15.6,Intel Core i5 7200U 2.5GHz,8GB,2.4kg,799.0
1096,Dell,Inspiron 5567,15.6,Intel Core i5 7200U 2.5GHz,8GB,2.36kg,638.8
1097,MSI,GS70 Stealth,17.3,Intel Core i7 6700HQ 2.6GHz,8GB,2.6kg,1599.0
1098,HP,250 G5,15.6,Intel Pentium Quad Core N3710 1.6GHz,4GB,1.96kg,500.0
1099,Asus,G752VY-GC162T ,17.3,Intel Core i7 6700HQ 2.6GHz,16GB,4.3kg,2299.0
1100,Dell,Latitude E5270,12.5,Intel Core i3 6100U 2.3GHz,4GB,1.5kg,1135.15
1101,Dell,Latitude E5270,12.5,Intel Core i3 6100U 2.3GHz,4GB,1.5kg,1166.97
1102,Acer,Chromebook 15,15.6,Intel Celeron Dual Core 3205U 1.5GHz,4GB,2.20kg,209.0
1103,HP,ZBook 17,17.3,Intel Core i7 6700HQ 2.6GHz,8GB,3.0kg,2899.0
1104,Lenovo,Legion Y520-15IKBN,15.6,Intel Core i7 7700HQ 2.8GHz,16GB,2.4kg,1199.0
1105,Dell,Latitude E5270,12.5,Intel Core i5 6200U 2.3GHz,8GB,1.5kg,1413.1
1106,MSI,GE72 Apache,17.3,Intel Core i7 6700HQ 2.6GHz,8GB,2.9kg,1511.19
1107,Lenovo,Yoga 500-15ISK,15.6,Intel Core i5 6200U 2.3GHz,4GB,2.1kg,867.0
1108,HP,15-bw011nv ,15.6,AMD A6-Series 9220 2.5GHz,4GB,2.1kg,398.0
1109,Asus,Rog GL552VW-CN470T,15.6,Intel Core i7 6700HQ 2.6GHz,16GB,2.59kg,1339.0
1110,HP,EliteBook 1030,13.3,Intel Core M 6Y54 1.1GHz,8GB,1.16kg,1699.0
1111,Dell,Vostro 3559,15.6,Intel Core i5 6200U 2.3GHz,4GB,2.24kg,769.15
1112,Lenovo,V110-15ISK ,15.6,Intel Core i3 6006U 2.0GHz,4GB,2.1kg,429.0
1113,HP,Spectre Pro,13.3,Intel Core i7 6500U 2.5GHz,8GB,1.16kg,1969.0
1114,Lenovo,Yoga Book,10.1,Intel Atom x5-Z8550 1.44GHz,4GB,0.69kg,549.0
1115,Dell,XPS 13,13.3,Intel Core i7 7560U 2.4GHz,8GB,1.23kg,1379.0
1116,Lenovo,IdeaPad Y900-17ISK,17.3,Intel Core i7 6820HK 2.7GHz,16GB,4.6kg,2749.99
1117,Razer,Blade Stealth,12.5,Intel Core i7 6500U 2.5GHz,8GB,1.25kg,1029.0
1118,Toshiba,Portege X30-D-10K,13.3,Intel Core i7 7500U 2.7GHz,16GB,1.05kg,2226.0
1119,Asus,Rog GL752VW-T4308T,17.3,Intel Core i7 6700HQ 2.6GHz,8GB,3.52kg,1312.49
1120,Vero,V131 ,13.3,Intel Atom X5-Z8350 1.44GHz,4GB,1.35kg,196.0
1121,HP,Spectre Pro,13.3,Intel Core i5 6200U 2.3GHz,8GB,1.16kg,1690.0
1122,HP,EliteBook 1040,14.0,Intel Core i5 6200U 2.3GHz,8GB,1.43kg,1513.0
1123,Dell,Latitude E5570,15.6,Intel Core i5 6200U 2.3GHz,4GB,2.09kg,523.63
1124,Asus,VivoBook Max,15.6,Intel Core i3 7100U 2.4GHz,4GB,2kg,435.0
1125,Lenovo,ThinkPad Yoga,14.0,Intel Core i7 6500U 2.5GHz,8GB,1.8kg,1669.0
1126,Lenovo,Yoga Book,10.1,Intel Atom x5-Z8550 1.44GHz,4GB,0.69kg,479.0
1127,HP,EliteBook 820,12.5,Intel Core i5 6300U 2.4GHz,8GB,1.26kg,1895.0
1128,Lenovo,Legion Y520-15IKBN,15.6,Intel Core i5 7300HQ 2.5GHz,8GB,2.4kg,989.0
1129,HP,Omen -,17.3,Intel Core i5 6300HQ 2.3GHz,8GB,3.35kg,1129.0
1130,HP,15-bs078cl ,15.6,Intel Core i7 7500U 2.7GHz,8GB,2.04kg,629.0
1131,Lenovo,ThinkPad P40,14.0,Intel Core i7 6600U 2.6GHz,8GB,1.8kg,2050.38
1132,Asus,L403NA-GA013TS ,14.0,Intel Celeron Dual Core N3350 1.1GHz,4GB,1.5kg,278.0
1133,HP,250 G6,15.6,Intel Core i7 7500U 2.7GHz,8GB,1.84kg,752.0
1134,Acer,Aspire E5-576G,15.6,Intel Core i5 7200U 2.5GHz,4GB,2.23kg,616.0
1135,Lenovo,IdeaPad 500-15ISK,15.6,Intel Core i7 6500U 2.5GHz,16GB,2.5kg,1099.0
1136,HP,ZBook 17,17.3,Intel Core i7 6700HQ 2.6GHz,8GB,3kg,3949.4
1137,Dell,Inspiron 5567,15.6,Intel Core i5 7200U 2.5GHz,8GB,2.5kg,784.0
1138,MSI,GT72S Dominator,17.3,Intel Core i7 6820HQ 2.7GHz,16GB,3.78kg,2399.0
1139,HP,EliteBook 850,15.6,Intel Core i7 6500U 2.5GHz,8GB,1.88kg,2171.72
1140,Lenovo,ThinkPad X1,14.0,Intel Core i7 6600U 2.6GHz,16GB,2.8kg,2440.0
1141,MSI,GP62M 7RDX,15.6,Intel Core i7 7700HQ 2.8GHz,8GB,2.4kg,1142.8
1142,HP,Spectre Pro,13.3,Intel Core i5 6300U 2.4GHz,8GB,1.48kg,1629.0
1143,HP,ZBook 15,15.6,Intel Core i7 6700HQ 2.6GHz,8GB,2.59kg,2229.0
1144,HP,Spectre Pro,13.3,Intel Core i7 6600U 2.6GHz,8GB,1.48kg,1799.0
1145,HP,ZBook Studio,15.6,Intel Core i7 6700HQ 2.6GHz,8GB,2.0kg,1899.0
1146,HP,EliteBook 820,12.5,Intel Core i7 6500U 2.50GHz,8GB,1.26kg,2296.95
1147,Dell,Vostro 5568,15.6,Intel Core i7 7500U 2.7GHz,8GB,2.18kg,1009.9
1148,HP,EliteBook 850,15.6,Intel Core i5 6200U 2.3GHz,8GB,1.88kg,1579.0
1149,Lenovo,ThinkPad X1,14.0,Intel Core i7 6500U 2.5GHz,8GB,1.27kg,2339.0
1150,Lenovo,V110-15ISK ,15.6,Intel Core i3 6006U 2.0GHz,4GB,1.9kg,339.0
1151,HP,15-BA015wm ,15.6,AMD E-Series 7110 1.8GHz,4GB,1.86kg,297.0
1152,Lenovo,B51-80 ,15.6,Intel Core i5 6200U 2.3GHz,8GB,2.32kg,599.0
1153,Dell,Inspiron 7567,15.6,Intel Core i7 7700HQ 2.8GHz,8GB,2.62kg,1199.0
1154,Dell,XPS 15,15.6,Intel Core i5 6300HQ 2.3GHz,8GB,2.04kg,2250.68
1155,HP,15-bw002nv ,15.6,AMD A6-Series A6-9220 2.5GHz,4GB,1.91kg,478.89
1156,MSI,GP72M 7REX,17.3,Intel Core i7 7700HQ 2.8GHz,16GB,2.7kg,1492.8
1157,Lenovo,ThinkPad T460s,14.0,Intel Core i7 6600U 2.6GHz,12GB,1.4kg,2299.0
1158,Lenovo,B51-80 ,15.6,Intel Core i5 6200U 2.3GHz,8GB,2.5kg,788.49
1159,HP,Spectre Pro,13.3,Intel Core i7 6600U 2.6GHz,8GB,1.48kg,2041.0
1160,Lenovo,ThinkPad T460,14.0,Intel Core i7 6600U 2.6GHz,8GB,1.7kg,1499.0
1161,MSI,GS40 Phantom,14.0,Intel Core i7 6700HQ 2.6GHz,16GB,1.7kg,1769.0
1162,HP,Pavilion 15-cb003nv,15.6,Intel Core i7 7700HQ 2.8GHz,8GB,2.62kg,899.0
1163,Lenovo,IdeaPad 310-15ISK,15.6,Intel Core i3 6006U 2.0GHz,8GB,2.2kg,459.0
1164,HP,250 G4,15.6,Intel Core i5 6200U 2.3GHz,4GB,2.1kg,476.99
1165,Dell,Inspiron 7567,15.6,Intel Core i7 7700HQ 2.8GHz,8GB,2.62kg,1498.0
1166,Lenovo,ThinkPad T570,15.6,Intel Core i5 7200U 2.5GHz,8GB,1.95kg,1390.0
1167,Lenovo,320-15ISK ,15.6,Intel Core i3 6006U 2GHz,4GB,2.2kg,468.0
1168,HP,Stream 14-AX000nv,14.0,Intel Celeron Dual Core N3060 1.6GHz,2GB,1.44kg,249.0
1169,MSI,PL60 7RD,15.6,Intel Core i7 7500U 2.7GHz,8GB,2.2kg,839.0
1170,HP,250 G5,15.6,Intel Core i7 6500U 2.5GHz,8GB,1.96kg,679.0
1171,HP,ProBook 450,15.6,Intel Core i7 8550U 1.8GHz,16GB,2.1kg,1159.0
1172,Asus,X553SA-XX021T ,15.6,Intel Celeron Dual Core N3050 1.6GHz,4GB,2.2kg,369.0
1173,Lenovo,V110-15ISK ,15.6,Intel Core i5 6200U 2.3GHz,4GB,2.1kg,398.0
1174,Lenovo,IdeaPad 510-15IKB,15.6,Intel Core i7 7500U 2.7GHz,8GB,2.2kg,709.0
1175,Asus,UX410UA-GV097T ,14.0,Intel Core i3 7100U 2.4GHz,4GB,2kg,769.0
1176,Lenovo,B51-80 ,15.6,Intel Core i7 6500U 2.5GHz,4GB,2.32kg,825.0
1177,Lenovo,IdeaPad Y700-15ISK,15.6,Intel Core i7 6700HQ 2.6GHz,16GB,3.31kg,1305.0
1178,MSI,GS60 Ghost,15.6,Intel Core i7 6700HQ 2.6GHz,16GB,1.91kg,2153.37
1179,HP,ProBook 450,15.6,Intel Core i3 6100U 2.3GHz,4GB,2.07kg,650.0
1180,Lenovo,ThinkPad X1,14.0,Intel Core i5 6200U 2.3GHz,8GB,1.36kg,1637.0
1181,Lenovo,IdeaPad 310-15IKB,15.6,Intel Core i7 7500U 2.7GHz,6GB,1.54kg,831.0
1182,Dell,Vostro 5568,15.6,Intel Core i7 7500U 2.7GHz,8GB,1.98kg,895.01
1183,Acer,Aspire 3,15.6,Intel Celeron Dual Core N3350 2GHz,4GB,2.1kg,333.0
1184,HP,Pavilion 15-BC000nv,15.6,Intel Core i7 6700HQ 2.6GHz,6GB,2.18kg,799.0
1185,Asus,Rog GL552VW-DM201T,15.6,Intel Core i7 6700HQ 2.6GHz,8GB,2.591kg,909.0
1186,Dell,Inspiron 5578,15.6,Intel Core i7 7500U 2.7GHz,16GB,2.09kg,1179.0
1187,Acer,Aspire E5-576G,15.6,Intel Core i5 7200U 2.5GHz,4GB,2.23kg,691.0
1188,Dell,XPS 13,13.3,Intel Core i5 6300U 2.4GHz,8GB,1.23kg,1099.0
1189,Acer,Predator G9-793,17.3,Intel Core i7 7700HQ 2.8GHz,16GB,4.2kg,2599.0
1190,Lenovo,Legion Y520-15IKBN,15.6,Intel Core i5 7300HQ 2.5GHz,8GB,2.4kg,819.0
1191,Samsung,Chromebook Plus,12.3,Samsung Cortex A72&A53 2.0GHz,4GB,1.15kg,659.0
1192,HP,250 G6,15.6,Intel Core i5 7200U 2.5GHz,4GB,1.86kg,485.0
1193,Apple,"MacBook 12""",12.0,Intel Core M 1.1GHz,8GB,0.920kg,1163.0
1194,Dell,Inspiron 7378,13.3,Intel Core i5 7200U 2.5GHz,8GB,1.6kg,1199.0
1195,HP,Pavilion Power,15.6,Intel Core i7 7700HQ 2.8GHz,12GB,2.21kg,1327.0
1196,Lenovo,V110-15ISK ,15.6,Intel Core i3 6006U 2GHz,4GB,1.9kg,368.0
1197,Asus,Rog G752VY-GC229T,17.3,Intel Core i7 6700HQ 2.6GHz,16GB,4.3kg,2150.0
1198,Acer,Aspire 3,15.6,Intel Celeron Dual Core N3350 2GHz,4GB,2.1kg,272.0
1199,MSI,GS73VR 7RF,17.3,Intel Core i7 7700HQ 2.8GHz,16GB,2.43kg,2048.9
1200,Dell,Inspiron 5567,15.6,Intel Core i3 6006U 2.0GHz,4GB,2.3kg,499.0
1201,Lenovo,IdeaPad 310-15ISK,15.6,Intel Core i7 6500U 2.5GHz,8GB,2.2kg,629.0
1202,Dell,Inspiron 5579,15.6,Intel Core i7 8550U 1.8GHz,16GB,2kg,1285.0
1203,Dell,XPS 13,13.3,Intel Core i7 7500U 2.7GHz,16GB,1.2kg,2680.0
1204,Asus,FX502VM-DM105T ,15.6,Intel Core i7 6700HQ 2.6GHz,8GB,2.2kg,1169.0
1205,Dell,Inspiron 5567,15.6,Intel Core i5 7200U 2.5GHz,8GB,2.36kg,889.0
1206,HP,15-bs025nv ,15.6,Intel Core i5 7200U 2.5GHz,8GB,1.91kg,579.0
1207,Lenovo,IdeaPad 320-15AST,15.6,AMD E-Series 9000 2.2GHz,4GB,2.2kg,299.0
1208,Acer,Aspire E5-774G,17.3,Intel Core i3 6006U 2.0GHz,8GB,3.3kg,629.0
1209,Asus,Rog Strix,15.6,Intel Core i7 7700HQ 2.8GHz,16GB,2.2kg,2449.0
1210,Apple,"MacBook 12""",12.0,Intel Core M 1.2GHz,8GB,0.920kg,1279.0
1211,Asus,FX502VM-AS73 ,15.6,Intel Core i7 7700HQ 2.8GHz,16GB,2.2kg,1749.0
1212,MSI,GS73VR Stealth,17.3,Intel Core i7 6700HQ 2.6GHz,16GB,2.43kg,1948.99
1213,Dell,Inspiron 7579,15.6,Intel Core i5 7200U 2.5GHz,8GB,2.191kg,999.0
1214,Asus,ROG Strix,17.3,Intel Core i7 7700HQ 2.8GHz,16GB,2.9kg,1949.0
1215,Acer,C740-C9QX ,11.6,Intel Celeron Dual Core 3205U 1.5GHz,2GB,1.3kg,174.0
1216,Acer,E5 774G,17.3,Intel Core i3 6006U 2GHz,4GB,3.3kg,598.0
1217,Lenovo,IdeaPad 320-17IKB,17.3,Intel Core i5 7200U 2.5GHz,8GB,2.8kg,539.0
1218,Lenovo,IdeaPad Y700-15ISK,15.6,Intel Core i7 6700HQ 2.6GHz,8GB,2.6kg,1272.0
1219,Acer,SP714-51 ,14.0,Intel Core i7 7Y75 1.3GHz,8GB,1.2kg,1149.0
1220,Lenovo,Thinkpad T560,15.6,Intel Core i7 6600U 2.6GHz,8GB,2.3kg,1529.0
1221,MSI,GP62MVR 6RF,15.6,Intel Core i7 6700HQ 2.6GHz,8GB,2.2kg,1476.11
1222,HP,15-bw009nv ,15.6,AMD A12-Series 9720P 2.7GHz,6GB,2.1kg,529.0
1223,Dell,Latitude E7270,12.5,Intel Core i5 6300U 2.4GHz,8GB,1.26kg,1713.37
1224,Dell,Inspiron 5578,15.0,Intel Core i3 7100U 2.4GHz,4GB,2.08kg,509.0
1225,Asus,X540SA-RBPDN09 ,15.6,Intel Pentium Quad Core N3710 1.6GHz,4GB,2.65kg,309.0
1226,Dell,XPS 13,13.3,Intel Core i7 7500U 2.7GHz,8GB,1.29kg,1477.0
1227,Dell,Vostro 3568,15.6,Intel Core i5 7200U 2.5GHz,4GB,2.18kg,521.86
1228,Lenovo,IdeaPad Y700-15ISK,15.6,Intel Core i7 6700HQ 2.6GHz,16GB,2.6kg,1029.0
1229,MSI,GL62M 7RDX,15.6,Intel Core i7 7700HQ 2.8GHz,8GB,2.2kg,1149.0
1230,Lenovo,ThinkPad Yoga,12.5,Intel Core i7 6500U 2.50GHz,16GB,1.3kg,1650.0
1231,Razer,Blade Pro,14.0,Intel Core i7 7700HQ 2.8GHz,16GB,1.95kg,3499.0
1232,Dell,Inspiron 3567,15.6,Intel Core i3 7100U 2.4GHz,8GB,2.3kg,469.01
1233,MSI,GE72VR Apache,17.3,Intel Core i7 7700HQ 2.8GHz,16GB,2.7kg,1598.0
1234,Apple,MacBook Air,11.6,Intel Core i5 1.6GHz,4GB,1.08kg,959.0
1235,HP,15-bs023nv ,15.6,Intel Core i3 6006U 2GHz,4GB,2.1kg,478.0
1236,HP,EliteBook 840,14.0,Intel Core i7 6500U 2.5GHz,8GB,1.54kg,2198.19
1237,Dell,Vostro 3559,15.6,Intel Core i5 6200U 2.3GHz,4GB,2.24kg,737.0
1238,MSI,GL62 6QF,15.6,Intel Core i7 6700HQ 2.6GHz,8GB,2.3kg,1169.0
1239,Lenovo,ThinkPad 13,13.3,Intel Core i7 7500U 2.7GHz,16GB,1.4kg,1499.0
1240,Lenovo,IdeaPad 320-15ABR,15.6,AMD A12-Series 9720P 3.6GHz,6GB,2.2kg,597.57
1241,Asus,ZenBook UX310UA-WB71,13.3,Intel Core i7 6500U 2.5GHz,8GB,1.45kg,1280.0
1242,Acer,Aspire ES1-572,15.6,Intel Core i3 6006U 2.0GHz,4GB,2.4kg,361.8
1243,Dell,Inspiron 7779,17.3,Intel Core i7 7500U 2.7GHz,16GB,2.77kg,1799.0
1244,HP,EliteBook 840,14.0,Intel Core i5 6200U 2.3GHz,4GB,1.54kg,1099.99
1245,Asus,Rog GL553VE-FY052T,15.6,Intel Core i7 7700HQ 2.8GHz,16GB,2.5kg,1600.0
1246,Dell,Latitude 5480,14.0,Intel Core i5 7200U 2.5GHz,4GB,1.6kg,875.0
1247,Asus,Rog GL502VS,15.6,Intel Core i7 6700HQ 2.6GHz,16GB,2.34kg,2325.0
1248,Lenovo,V510-15IKB ,15.6,Intel Core i5 7200U 2.5GHz,8GB,2.3kg,573.0
1249,Dell,XPS 13,13.3,Intel Core i5 7Y54 1.2GHz,8GB,1.24kg,1813.0
1250,Dell,Inspiron 3552,15.6,Intel Pentium Quad Core N3710 1.6GHz,4GB,2.2kg,324.0
1251,HP,255 G6,15.6,AMD A6-Series 9220 2.5GHz,4GB,1.86kg,399.0
1252,Lenovo,IdeaPad 310-15ISK,15.6,Intel Core i3 6100U 2.3GHz,6GB,2.4kg,569.0
1253,Lenovo,ThinkPad L460,14.0,Intel Core i5 6200U 2.3GHz,8GB,1.9kg,1072.0
1254,Dell,Inspiron 3552,15.6,Intel Pentium Quad Core N3700 1.6GHz,4GB,2.2kg,443.99
1255,Asus,X541NA-GO020T ,15.6,Intel Celeron Dual Core N3350 1.1GHz,4GB,2kg,339.0
1256,Asus,Rog G752VT-GC073T,17.3,Intel Core i7 6700HQ 2.6GHz,16GB,4.0kg,1900.0
1257,Dell,Vostro 3568,15.6,Intel Core i3 6006U 2GHz,4GB,2.29kg,490.0
1258,Lenovo,B51-80 ,15.6,Intel Core i7 6500U 2.5GHz,8GB,2.32kg,895.0
1259,MSI,GE62 Apache,15.6,Intel Core i7 6700HQ 2.6GHz,8GB,2.4kg,1229.0
1260,Lenovo,Yoga 500-14IBD,14.0,Intel Core i5 6200U 2.3GHz,4GB,1.8kg,833.01
1261,Asus,ZenBook UX305CA-UBM1,13.3,Intel Core M 6Y30 0.9GHz,8GB,1.2kg,729.0
1262,Dell,Inspiron 3567,15.6,Intel Core i3 7100U 2.4GHz,6GB,2.3kg,459.0
1263,Acer,Aspire ES1-531,15.6,Intel Celeron Dual Core N3060 1.6GHz,4GB,2.4kg,289.0
1264,Dell,Inspiron 3552,15.6,Intel Celeron Dual Core N3050 1.6GHz,2GB,2.20kg,379.0
1265,Lenovo,IdeaPad Y700-15ISK,15.6,Intel Core i7 6700HQ 2.6GHz,8GB,2.6kg,899.0
1266,HP,Pavilion 15-AW003nv,15.6,AMD A9-Series 9410 2.9GHz,6GB,2.04kg,549.99
1267,Dell,Inspiron 3567,15.6,Intel Core i7 7500U 2.7GHz,8GB,2.3kg,805.99
1268,HP,Stream 11-Y000na,11.6,Intel Celeron Dual Core N3060 1.6GHz,2GB,1.17kg,209.0
1269,Asus,X556UJ-XO044T ,15.6,Intel Core i7 6500U 2.5GHz,4GB,2.2kg,720.32
1270,Lenovo,Yoga 500-14ISK,14.0,Intel Core i7 6500U 2.5GHz,4GB,1.8kg,638.0
1271,Lenovo,Yoga 900-13ISK,13.3,Intel Core i7 6500U 2.5GHz,16GB,1.3kg,1499.0
1272,Lenovo,IdeaPad 100S-14IBR,14.0,Intel Celeron Dual Core N3050 1.6GHz,2GB,1.5kg,229.0
1273,HP,15-AC110nv ,15.6,Intel Core i7 6500U 2.5GHz,6GB,2.19kg,764.0
1274,Asus,X553SA-XX031T ,15.6,Intel Celeron Dual Core N3050 1.6GHz,4GB,2.2kg,369.0
1275,Asus,ZenBook UX305CA-UBM1,13.3,Intel Core M 6Y30 0.9GHz,8GB,1.2kg,729.0
1276,Dell,Inspiron 3567,15.6,Intel Core i3 7100U 2.4GHz,6GB,2.3kg,459.0
1277,Acer,Aspire ES1-531,15.6,Intel Celeron Dual Core N3060 1.6GHz,4GB,2.4kg,289.0
1278,Dell,Inspiron 3552,15.6,Intel Celeron Dual Core N3050 1.6GHz,2GB,2.20kg,379.0
1279,Lenovo,IdeaPad Y700-15ISK,15.6,Intel Core i7 6700HQ 2.6GHz,8GB,2.6kg,899.0
1280,HP,Pavilion 15-AW003nv,15.6,AMD A9-Series 9410 2.9GHz,6GB,2.04kg,549.99
1281,Dell,Inspiron 3567,15.6,Intel Core i7 7500U 2.7GHz,8GB,2.3kg,805.99
1282,HP,Stream 11-Y000na,11.6,Intel Celeron Dual Core N3060 1.6GHz,2GB,1.17kg,209.0
1283,Asus,X556UJ-XO044T ,15.6,Intel Core i7 6500U 2.5GHz,4GB,2.2kg,720.32
1284,Lenovo,Yoga 500-14ISK,14.0,Intel Core i7 6500U 2.5GHz,4GB,1.8kg,638.0
1285,Lenovo,Yoga 900-13ISK,13.3,Intel Core i7 6500U 2.5GHz,16GB,1.3kg,1499.0
1286,Lenovo,IdeaPad 100S-14IBR,14.0,Intel Celeron Dual Core N3050 1.6GHz,2GB,1.5kg,229.0
1287,HP,15-AC110nv ,15.6,Intel Core i7 6500U 2.5GHz,6GB,2.19kg,764.0
1288,Asus,X553SA-XX031T ,15.6,Intel Celeron Dual Core N3050 1.6GHz,4GB,2.2kg,369.0
1289,Asus,ZenBook UX305CA-UBM1,13.3,Intel Core M 6Y30 0.9GHz,8GB,1.2kg,729.0
1290,Dell,Inspiron 3567,15.6,Intel Core i3 7100U 2.4GHz,6GB,2.3kg,459.0
1291,Acer,Aspire ES1-531,15.6,Intel Celeron Dual Core N3060 1.6GHz,4GB,2.4kg,289.0
1292,Dell,Inspiron 3552,15.6,Intel Celeron Dual Core N3050 1.6GHz,2GB,2.20kg,379.0
1293,Lenovo,IdeaPad Y700-15ISK,15.6,Intel Core i7 6700HQ 2.6GHz,8GB,2.6kg,899.0
1294,HP,Pavilion 15-AW003nv,15.6,AMD A9-Series 9410 2.9GHz,6GB,2.04kg,549.99
1295,Dell,Inspiron 3567,15.6,Intel Core i7 7500U 2.7GHz,8GB,2.3kg,805.99
1296,HP,Stream 11-Y000na,11.6,Intel Celeron Dual Core N3060 1.6GHz,2GB,1.17kg,209.0
1297,Asus,X556UJ-XO044T ,15.6,Intel Core i7 6500U 2.5GHz,4GB,2.2kg,720.32
1298,Lenovo,Yoga 500-14ISK,14.0,Intel Core i7 6500U 2.5GHz,4GB,1.8kg,638.0
1299,Lenovo,Yoga 900-13ISK,13.3,Intel Core i7 6500U 2.5GHz,16GB,1.3kg,1499.0
1300,Lenovo,IdeaPad 100S-14IBR,14.0,Intel Celeron Dual Core N3050 1.6GHz,2GB,1.5kg,229.0
1301,HP,15-AC110nv ,15.6,Intel Core i7 6500U 2.5GHz,6GB,2.19kg,764.0
1302,Asus,X553SA-XX031T ,15.6,Intel Celeron Dual Core N3050 1.6GHz,4GB,2.2kg,369.0
