Company,Product,Inches,Cpu,Ram,Weight,Price_euros
Apple,MacBook Pro,13.3,Intel Core i5 2.3GHz,8GB,1.37kg,1339.69
Apple,Macbook Air,13.3,Intel Core i5 1.8GHz,8GB,1.34kg,898.94
HP,250 G6,15.6,Intel Core i5 7200U 2.5GHz,8GB,1.86kg,575
Apple,MacBook Pro,15.4,Intel Core i7 2.7GHz,16GB,1.83kg,2537.45
Apple,MacBook Pro,13.3,Intel Core i5 3.1GHz,8GB,1.37kg,1803.6
Acer,Aspire 3,15.6,AMD A9-Series 9420 3GHz,4GB,2.1kg,400
Apple,MacBook Pro,15.4,Intel Core i7 2.2GHz,16GB,2.04kg,2139.97
Apple,Macbook Air,13.3,Intel Core i5 1.8GHz,8GB,1.34kg,1158.7
Asus,ZenBook UX430UN,14,Intel Core i7 8550U 1.8GHz,16GB,1.3kg,1495
Acer,Swift 3,14,Intel Core i5 8250U 1.6GHz,8GB,1.6kg,770
HP,250 G6,15.6,Intel Core i5 7200U 2.5GHz,4GB,1.86kg,393.9
HP,250 G6,15.6,Intel Core i3 6006U 2GHz,4GB,1.86kg,344.99
Apple,MacBook Pro,15.4,Intel Core i7 2.8GHz,16GB,1.83kg,2439.97
Dell,Inspiron 3567,15.6,Intel Core i3 6006U 2GHz,4GB,2.2kg,498.9
Apple,"MacBook 12""",12,Intel Core M m3 1.2GHz,8GB,0.92kg,1262.4
Apple,MacBook Pro,13.3,Intel Core i5 2.3GHz,8GB,1.37kg,1518.55
Dell,Inspiron 3567,15.6,Intel Core i7 7500U 2.7GHz,8GB,2.2kg,745
Apple,MacBook Pro,15.4,Intel Core i7 2.9GHz,16GB,1.83kg,2858
Lenovo,IdeaPad 320-15IKB,15.6,Intel Core i3 7100U 2.4GHz,8GB,2.2kg,499
Dell,XPS 13,13.3,Intel Core i5 8250U 1.6GHz,8GB,1.22kg,979
Asus,Vivobook E200HA,11.6,Intel Atom x5-Z8350 1.44GHz,2GB,0.98kg,191.9
Lenovo,Legion Y520-15IKBN,15.6,Intel Core i5 7300HQ 2.5GHz,8GB,2.5kg,999
HP,255 G6,15.6,AMD E-Series E2-9000e 1.5GHz,4GB,1.86kg,258
Dell,Inspiron 5379,13.3,Intel Core i5 8250U 1.6GHz,8GB,1.62kg,819
HP,15-BS101nv (i7-8550U/8GB/256GB/FHD/W10),15.6,Intel Core i7 8550U 1.8GHz,8GB,1.91kg,659
Dell,Inspiron 3567,15.6,Intel Core i3 6006U 2GHz,4GB,2.3kg,418.64
Apple,MacBook Air,13.3,Intel Core i5 1.6GHz,8GB,1.35kg,1099
Dell,Inspiron 5570,15.6,Intel Core i5 8250U 1.6GHz,8GB,2.2kg,800
Dell,Latitude 5590,15.6,Intel Core i7 8650U 1.9GHz,8GB,1.88kg,1298
HP,ProBook 470,17.3,Intel Core i5 8250U 1.6GHz,8GB,2.5kg,896
Chuwi,"LapBook 15.6""",15.6,Intel Atom x5-Z8300 1.44GHz,4GB,1.89kg,244.99
Asus,E402WA-GA010T (E2-6110/2GB/32GB/W10),14,AMD E-Series E2-6110 1.5GHz,2GB,1.65kg,199
HP,17-ak001nv (A6-9220/4GB/500GB/Radeon,17.3,AMD A6-Series 9220 2.5GHz,4GB,2.71kg,439
Dell,XPS 13,13.3,Intel Core i7 8550U 1.8GHz,16GB,1.2kg,1869
Apple,MacBook Air,13.3,Intel Core i5 1.6GHz,8GB,1.35kg,998
Lenovo,IdeaPad 120S-14IAP,14,Intel Celeron Dual Core N3350 1.1GHz,4GB,1.44kg,249
Acer,Aspire 3,15.6,Intel Core i3 7130U 2.7GHz,4GB,2.1kg,367
Dell,Inspiron 5770,17.3,Intel Core i5 8250U 1.6GHz,8GB,2.8kg,979
HP,250 G6,15.6,Intel Core i5 7200U 2.5GHz,4GB,1.86kg,488.69
HP,ProBook 450,15.6,Intel Core i5 8250U 1.6GHz,8GB,2.1kg,879
Asus,X540UA-DM186 (i3-6006U/4GB/1TB/FHD/Linux),15.6,Intel Core i3 6006U 2GHz,4GB,2kg,389
Dell,Inspiron 7577,15.6,Intel Core i7 7700HQ 2.8GHz,16GB,2.65kg,1499
Asus,X542UQ-GO005 (i5-7200U/8GB/1TB/GeForce,15.6,Intel Core i5 7200U 2.5GHz,8GB,2.3kg,522.99
Acer,Aspire A515-51G,15.6,Intel Core i5 8250U 1.6GHz,4GB,2.2kg,682
Dell,Inspiron 7773,17.3,Intel Core i5 8250U 1.6GHz,12GB,2.77kg,999
Apple,MacBook Pro,13.3,Intel Core i5 2.0GHz,8GB,1.37kg,1419
Lenovo,IdeaPad 320-15ISK,15.6,Intel Core i3 6006U 2GHz,4GB,2.2kg,369
Asus,Rog Strix,17.3,AMD Ryzen 1700 3GHz,8GB,3.2kg,1299
Dell,Inspiron 3567,15.6,Intel Core i5 7200U 2.5GHz,4GB,2.3kg,639
Asus,X751NV-TY001T (N4200/4GB/1TB/GeForce,17.3,Intel Pentium Quad Core N4200 1.1GHz,4GB,2.8kg,466
Lenovo,Yoga Book,10.1,Intel Atom x5-Z8550 1.44GHz,4GB,0.69kg,319
Acer,Aspire A515-51G,15.6,Intel Core i7 8550U 1.8GHz,8GB,2.2kg,841
HP,255 G6,15.6,AMD A6-Series 9220 2.5GHz,4GB,1.86kg,398.49
HP,ProBook 430,13.3,Intel Core i7 8550U 1.8GHz,8GB,1.49kg,1103
Acer,Aspire 3,15.6,Intel Core i3 7100U 2.4GHz,4GB,2.4kg,384
Dell,Inspiron 3576,15.6,Intel Core i7 8550U 1.8GHz,8GB,2.13kg,767.8
HP,15-bs002nv (i3-6006U/4GB/128GB/FHD/W10),15.6,Intel Core i3 6006U 2GHz,4GB,1.91kg,439
Asus,VivoBook Max,15.6,Intel Core i5 7200U 2.5GHz,4GB,2kg,586.19
MSI,GS73VR 7RG,17.3,Intel Core i7 7700HQ 2.8GHz,16GB,2.43kg,2449
Asus,X541UA-DM1897 (i3-6006U/4GB/256GB/FHD/Linux),15.6,Intel Core i3 6006U 2GHz,4GB,2kg,415
Dell,Inspiron 5770,17.3,Intel Core i7 8550U 1.8GHz,16GB,2.8kg,1299
Dell,Vostro 5471,14,Intel Core i5 8250U 1.6GHz,8GB,1.7kg,879
Lenovo,IdeaPad 520S-14IKB,14,Intel Core i3 7130U 2.7GHz,8GB,1.7kg,599
Asus,UX410UA-GV350T (i5-8250U/8GB/256GB/FHD/W10),14,Intel Core i5 8250U 1.6GHz,8GB,1.4kg,941
HP,250 G6,15.6,Intel Core i5 7200U 2.5GHz,8GB,1.86kg,690
Asus,ZenBook Pro,15.6,Intel Core i7 7700HQ 2.8GHz,16GB,1.8kg,1983
HP,250 G6,15.6,Intel Core i3 6006U 2GHz,4GB,1.86kg,438.69
HP,Stream 14-AX040wm,14,Intel Celeron Dual Core N3060 1.6GHz,4GB,1.44kg,229
Lenovo,V310-15ISK (i5-7200U/4GB/1TB/FHD/W10),15.6,Intel Core i5 7200U 2.5GHz,4GB,1.9kg,549
Asus,FX753VE-GC093 (i7-7700HQ/12GB/1TB/GeForce,17.3,Intel Core i7 7700HQ 2.8GHz,12GB,3kg,949
Microsoft,Surface Laptop,13.5,Intel Core i5 7200U 2.5GHz,4GB,1.252kg,1089
Dell,Inspiron 5370,13.3,Intel Core i7 8550U 1.8GHz,8GB,1.4kg,955
Dell,Inspiron 5570,15.6,Intel Core i7 8550U 1.8GHz,8GB,2.2kg,870
MSI,GL72M 7RDX,17.3,Intel Core i5 7300HQ 2.5GHz,8GB,2.7kg,1095
Acer,Aspire E5-475,14,Intel Core i3 6006U 2GHz,8GB,2.1kg,389
Asus,FX503VD-E4022T (i7-7700HQ/8GB/1TB/GeForce,15.6,Intel Core i7 7700HQ 2.8GHz,8GB,2.2kg,949
Lenovo,IdeaPad 320-15IKBN,15.6,Intel Core i5 7200U 2.5GHz,8GB,2.2kg,519
Dell,Inspiron 5570,15.6,Intel Core i7 8550U 1.8GHz,8GB,2.02kg,855
Acer,Aspire A515-51G-32MX,15.6,Intel Core i3 7130U 2.7GHz,4GB,2.2kg,530
HP,ProBook 470,17.3,Intel Core i5 8250U 1.6GHz,8GB,2.5kg,977
Dell,Latitude 5590,15.6,Intel Core i5 8250U 1.6GHz,8GB,1.88kg,1096.16
Apple,"MacBook 12""",12,Intel Core i5 1.3GHz,8GB,0.92kg,1510
HP,ProBook 440,14,Intel Core i5 8250U 1.6GHz,8GB,1.63kg,860
Lenovo,IdeaPad 320-15AST,15.6,AMD A6-Series 9220 2.5GHz,4GB,2.2kg,399
Acer,Aspire 3,15.6,AMD A9-Series 9420 3GHz,4GB,2.1kg,395
Dell,Inspiron 7577,15.6,Intel Core i7 7700HQ 2.8GHz,16GB,2.65kg,1349
HP,Pavilion 15-CK000nv,15.6,Intel Core i7 8550U 1.8GHz,8GB,1.83kg,699
HP,250 G6,15.6,Intel Core i5 7200U 2.5GHz,8GB,1.96kg,598.99
Asus,FX503VM-E4007T (i7-7700HQ/16GB/1TB,15.6,Intel Core i7 7700HQ 2.8GHz,16GB,2.2kg,1449
Dell,XPS 13,13.3,Intel Core i7 8550U 1.8GHz,8GB,1.21kg,1649
Asus,FX550IK-DM018T (FX-9830P/8GB/1TB/Radeon,15.6,AMD FX 9830P 3GHz,8GB,2.45kg,699
Acer,Aspire 5,15.6,Intel Core i7 8550U 1.8GHz,8GB,2.2kg,689
HP,Probook 430,13.3,Intel Core i7 8550U 1.8GHz,16GB,1.49kg,1197
Dell,Inspiron 7577,15.6,Intel Core i5 7300HQ 2.5GHz,8GB,2.65kg,1195
Asus,Zenbook UX430UA,14,Intel Core i7 7500U 2.7GHz,8GB,1.25kg,1049
Acer,Spin 5,13.3,Intel Core i5 8250U 1.6GHz,8GB,1.5kg,847
Dell,Inspiron 3567,15.6,Intel Core i7 7500U 2.7GHz,8GB,2.2kg,599.9
Dell,Inspiron 3567,15.6,Intel Core i3 6006U 2GHz,4GB,2.2kg,485
Asus,X541UV-DM1439T (i3-7100U/6GB/256GB/GeForce,15.6,Intel Core i3 7100U 2.4GHz,6GB,2kg,577
HP,Omen 15-ce007nv,15.6,Intel Core i7 7700HQ 2.8GHz,12GB,2.62kg,1249
HP,15-bs017nv (i7-7500U/8GB/256GB/Radeon,15.6,Intel Core i7 7500U 2.7GHz,8GB,1.91kg,719
HP,15-bw000nv (E2-9000e/4GB/500GB/Radeon,15.6,AMD E-Series E2-9000e 1.5GHz,4GB,2.1kg,349
Dell,Inspiron 3576,15.6,Intel Core i5 8250U 1.6GHz,8GB,2.2kg,647
HP,Envy 13-ad009n,13.3,Intel Core i7 7500U 2.7GHz,8GB,1.38kg,1119
Microsoft,Surface Laptop,13.5,Intel Core i5 7200U 2.5GHz,8GB,1.252kg,1340
HP,Pavilion 14-BK001nv,14,Intel Core i5 7200U 2.5GHz,6GB,1.58kg,659
Lenovo,Ideapad 310-15ISK,15.6,Intel Core i3 6006U 2GHz,4GB,1.85kg,414.9
Asus,UX430UQ-GV209R (i7-7500U/8GB/256GB/GeForce,14,Intel Core i7 7500U 2.7GHz,8GB,1.3kg,1193
MSI,GP62M 7REX,15.6,Intel Core i7 7700HQ 2.8GHz,16GB,2.2kg,1299
Lenovo,Thinkpad T470,14,Intel Core i7 7500U 2.7GHz,8GB,1.58kg,1480
Asus,VivoBook S15,15.6,Intel Core i7 8550U 1.8GHz,16GB,1.5kg,1262
Dell,XPS 13,13.3,Intel Core i7 7560U 2.4GHz,8GB,1.23kg,1379
Lenovo,ThinkPad Yoga,13.3,Intel Core i5 7200U 2.5GHz,8GB,1.37kg,1399
HP,Probook 440,14,Intel Core i5 8250U 1.6GHz,4GB,1.63kg,722
Dell,XPS 13,13.3,Intel Core i5 8250U 1.6GHz,8GB,1.21kg,1629
HP,Spectre x360,13.3,Intel Core i5 8250U 1.6GHz,8GB,1.26kg,1398.99
HP,Probook 440,14,Intel Core i7 8550U 1.8GHz,8GB,1.63kg,1084
Dell,Inspiron 7570,15.6,Intel Core i7 8550U 1.8GHz,8GB,2.16kg,1130.33
Asus,X705UV-BX074T (i3-6006U/4GB/1TB/GeForce,17.3,Intel Core i3 6006U 2GHz,4GB,2kg,564
Asus,VivoBook S15,15.6,Intel Core i7 8550U 1.8GHz,8GB,1.7kg,1118
Acer,Spin 3,15.6,Intel Core i3 7100U 2.4GHz,6GB,2.1kg,479
MSI,GS63VR 7RG,15.6,Intel Core i7 7700HQ 2.8GHz,16GB,1.8kg,2241.5
Lenovo,IdeaPad 320-15IKBN,15.6,Intel Core i5 7200U 2.5GHz,8GB,2.2kg,629
HP,Probook 470,17.3,Intel Core i7 8550U 1.8GHz,16GB,2.5kg,1271
Acer,Aspire 3,15.6,AMD A9-Series 9420 3GHz,4GB,2.1kg,451
HP,250 G6,15.6,Intel Celeron Dual Core N3060 1.6GHz,4GB,1.86kg,259
HP,Probook 440,14,Intel Core i5 8250U 1.6GHz,8GB,1.63kg,812
Asus,E402WA-GA007T (E2-6110/4GB/64GB/W10,14,AMD E-Series 6110 1.5GHz,4GB,1.65kg,277.99
Dell,Inspiron 5770,17.3,Intel Core i7 8550U 1.8GHz,16GB,2.8kg,1396
HP,ProBook 470,17.3,Intel Core i5 8250U 1.6GHz,8GB,2.5kg,928
Dell,Inspiron 5567,15.6,Intel Core i5 7200U 2.5GHz,8GB,2.36kg,638.99
Dell,Inspiron 3567,15.6,Intel Core i3 6006U 2GHz,4GB,2.2kg,449
Acer,Swift 3,14,Intel Core i7 8550U 1.8GHz,8GB,1.6kg,884
Acer,Aspire A515-51G-37JS,15.6,Intel Core i3 7130U 2.7GHz,4GB,2.2kg,572
HP,15-BS078nr (i7-7500U/8GB/1TB/W10),15.6,Intel Core i7 7500U 2.7GHz,8GB,2.05kg,598
HP,Probook 440,14,Intel Core i7 8550U 1.8GHz,8GB,1.63kg,988
Lenovo,V110-15IAP (N3350/4GB/1TB/No,15.6,Intel Celeron Dual Core N3350 1.1GHz,4GB,1.9kg,252.36
Asus,FX753VD-GC086T (i5-7300HQ/8GB/1TB,17.3,Intel Core i5 7300HQ 2.5GHz,8GB,3kg,938
Lenovo,IdeaPad 320-15IKBN,15.6,Intel Core i5 7200U 2.5GHz,4GB,2.2kg,499
HP,Envy 13-AD007nv,13.3,Intel Core i5 7200U 2.5GHz,4GB,1.32kg,699
Acer,Aspire 5,17.3,Intel Core i3 7130U 2.7GHz,4GB,3kg,655
Lenovo,ThinkPad E480,14,Intel Core i5 8250U 1.6GHz,8GB,1.75kg,1116.02
Lenovo,Legion Y520-15IKBN,15.6,Intel Core i7 7700HQ 2.8GHz,8GB,2.4kg,869
Toshiba,Satellite Pro,15.6,Intel Core i5 6200U 2.3GHz,4GB,2.1kg,602
HP,255 G6,15.6,AMD A6-Series 9220 2.5GHz,4GB,1.86kg,369
Asus,ZenBook UX430UA,14,Intel Core i7 8550U 1.8GHz,8GB,1.25kg,1099
HP,EliteBook Folio,12.5,Intel Core M 6Y75 1.2GHz,8GB,0.97kg,2014
Asus,X541NA (N3350/4GB/1TB/FHD/W10),15.6,Intel Celeron Dual Core N3350 1.1GHz,4GB,2kg,344
MSI,GE72MVR 7RG,17.3,Intel Core i7 7700HQ 2.8GHz,16GB,2.9kg,2029
Acer,Aspire A315-51,15.6,Intel Core i3 6006U 2GHz,4GB,2.1kg,447
Dell,Inspiron 5577,15.6,Intel Core i7 7700HQ 2.8GHz,16GB,2.56kg,1249.26
Dell,Inspiron 7567,15.6,Intel Core i7 7700HQ 2.8GHz,8GB,2.62kg,899
Lenovo,V110-15IKB (i5-7200U/4GB/128GB/W10),15.6,Intel Core i5 7200U 2.5GHz,4GB,1.9kg,498
MSI,GE73VR 7RE,17.3,Intel Core i7 7700HQ 2.8GHz,16GB,2.8kg,1890
HP,EliteBook 840,14,Intel Core i5 7500U 2.7GHz,4GB,1.48kg,1082
HP,15-BS103nv (i5-8250U/6GB/256GB/Radeon,15.6,Intel Core i5 8250U 1.6GHz,6GB,1.91kg,619
Lenovo,Yoga 520-14IKB,14,Intel Core i3 7100U 2.4GHz,4GB,1.74kg,629
Asus,ZenBook Flip,13.3,Intel Core i5 8250U 1.6GHz,8GB,1.1kg,1315
Dell,Inspiron 5579,15.6,Intel Core i7 8550U 1.8GHz,8GB,1.56kg,1049
Toshiba,Satellite Pro,15.6,Intel Core i3 6006U 2.2GHz,4GB,2.1kg,447
Asus,X555BP-XX180T (A9-9420/4GB/1TB/Radeon,15.6,AMD A9-Series 9420 3GHz,4GB,2.03kg,403
Acer,Aspire A517-51G,17.3,Intel Core i5 8250U 1.6GHz,4GB,3kg,805
Dell,Inspiron 3576,15.6,Intel Core i5 8250U 1.6GHz,8GB,2.13kg,728
Lenovo,Legion Y520-15IKBN,15.6,Intel Core i7 7700HQ 2.8GHz,16GB,2.5kg,1079
Acer,Aspire A315-31,15.6,Intel Celeron Dual Core N3350 1.1GHz,4GB,2.1kg,348
MSI,GE63VR 7RE,15.6,Intel Core i7 7700HQ 2.8GHz,16GB,2.4kg,1799
Acer,Aspire 3,15.6,Intel Pentium Quad Core N4200 1.1GHz,4GB,2.1kg,363.51
Dell,Inspiron 5577,15.6,Intel Core i7 7700HQ 2.8GHz,8GB,2.56kg,1060.49
Acer,Aspire A517-51G,17.3,Intel Core i5 8250U 1.6GHz,8GB,3kg,854
HP,ProBook 430,13.3,Intel Core i5 8250U 1.6GHz,4GB,1.49kg,754
Huawei,MateBook X,13,Intel Core i5 7200U 2.5GHz,8GB,1.05kg,1349
HP,17-bs001nv (i5-7200U/6GB/2TB/Radeon,17.3,Intel Core i5 7200U 2.5GHz,6GB,2.71kg,699
Lenovo,IdeaPad 320-15AST,15.6,AMD A6-Series 9220 2.9GHz,4GB,2.2kg,309
Toshiba,Satellite Pro,15.6,Intel Core i3 7100U 2.4GHz,4GB,2kg,489
HP,ProBook 470,17.3,Intel Core i5 8250U 1.6GHz,8GB,2.5kg,923
Dell,Inspiron 3567,15.6,Intel Core i3 7100U 2.4GHz,8GB,2.3kg,459
Acer,Aspire A315-51,15.6,Intel Core i3 6006U 2GHz,4GB,2.1kg,449
MSI,GT80S 6QF-074US,18.4,Intel Core i7 6920HQ 2.9GHz,32GB,4.4kg,2799
Lenovo,V310-15IKB (i5-7200U/8GB/1TB,15.6,Intel Core i5 7200U 2.5GHz,8GB,1.90kg,813
HP,Spectre x360,13.3,Intel Core i5 8250U 1.6GHz,8GB,1.29kg,1499
Dell,Inspiron 5570,15.6,Intel Core i7 8550U 1.8GHz,16GB,2.02kg,1049
Dell,XPS 13,13.3,Intel Core i5 8250U 1.6GHz,8GB,1.23kg,1399
Lenovo,Yoga 920-13IKB,13.9,Intel Core i7 8550U 1.8GHz,16GB,1.4kg,1849
Toshiba,Satellite Pro,15.6,Intel Core i5 7200U 2.5GHz,8GB,2.0kg,793
Xiaomi,Mi Notebook,15.6,Intel Core i5 8250U 1.6GHz,8GB,1.95kg,1199
Dell,Inspiron 7773,17.3,Intel Core i7 8550U 1.8GHz,16GB,2.77kg,1549
Dell,XPS 15,15.6,Intel Core i7 7700HQ 2.8GHz,16GB,2.06kg,2397
Lenovo,Legion Y520-15IKBN,15.6,Intel Core i5 7300HQ 2.5GHz,8GB,2.4kg,779
Acer,Swift 7,13.3,Intel Core i5 7Y54 1.2GHz,8GB,1.12kg,989
Dell,Inspiron 5770,17.3,Intel Core i7 8550U 1.8GHz,8GB,2.8kg,1085
Lenovo,Thinkpad Yoga,14,Intel Core i7 7500U 2.7GHz,16GB,1.42kg,2824
Vero,K147 (N3350/4GB/32GB/FHD/W10),14,Intel Celeron Dual Core N3350 1.1GHz,4GB,1.3kg,260
Xiaomi,Mi Notebook,13.3,Intel Core i5 7200U 2.5GHz,8GB,1.3kg,999.9
Lenovo,IdeaPad 320-17IKBR,17.3,Intel Core i5 8250U 1.6GHz,8GB,2.8kg,698
Dell,Inspiron 5379,13.3,Intel Core i7 8550U 1.8GHz,8GB,1.62kg,839
HP,ProBook 470,17.3,Intel Core i5 8250U 1.6GHz,8GB,2.5kg,914
Razer,Blade Pro,17.3,Intel Core i7 7820HK 2.9GHz,32GB,3.49kg,6099
HP,ProBook 430,13.3,Intel Core i5 8250U 1.6GHz,8GB,1.49kg,959
HP,Omen 17-W295,17.3,Intel Core i7 7700HQ 2.8GHz,16GB,3.35kg,1379
HP,Probook 470,17.3,Intel Core i7 8550U 1.8GHz,8GB,2.5kg,1045
Dell,Inspiron 7577,15.6,Intel Core i7 7700HQ 2.8GHz,16GB,2.65kg,1845
Lenovo,V110-15ISK (i5-6200U/4GB/128GB/W10),15.6,Intel Core i5 6200U 2.3GHz,4GB,2.1kg,493
Acer,Aspire E5-576G,15.6,Intel Core i7 7500U 2.7GHz,8GB,2.23kg,742
Lenovo,Legion Y720-15IKB,15.6,Intel Core i7 7700HQ 2.8GHz,16GB,3.2kg,1749
Dell,Precision 7520,15.6,Intel Xeon E3-1505M V6 3GHz,16GB,2.8kg,3055
Lenovo,Legion Y520-15IKBN,15.6,Intel Core i7 7700HQ 2.8GHz,16GB,2.4kg,1398
Dell,Inspiron 3567,15.6,Intel Core i3 7100U 2.4GHz,6GB,2.3kg,439
Dell,XPS 13,13.3,Intel Core i7 8550U 1.8GHz,8GB,1.21kg,1949
Dell,XPS 13,13.3,Intel Core i7 8550U 1.8GHz,8GB,1.2kg,1449
Lenovo,IdeaPad 320-15IKBN,15.6,Intel Core i5 7200U 2.5GHz,8GB,2.2kg,597
Acer,Aspire 7,15.6,Intel Core i7 7700HQ 2.8GHz,8GB,2.4kg,779
Asus,ROG GL703VD-GC028T,17.3,Intel Core i7 7700HQ 2.8GHz,16GB,2.9kg,1407
HP,15-bs018nq (i3-6006U/4GB/500GB/FHD/No,15.6,Intel Core i3 6006U 2GHz,4GB,2.1kg,349
Lenovo,IdeaPad 320-15IKBN,15.6,Intel Core i5 7200U 2.5GHz,8GB,2.2kg,549
Huawei,MateBook X,13,Intel Core i7 7500U 2.7GHz,8GB,1.05kg,1499
Dell,Inspiron 5370,13.3,Intel Core i7 8550U 1.8GHz,8GB,1.4kg,931.88
Lenovo,IdeaPad 320-17IKB,17.3,Intel Core i5 7200U 2.5GHz,8GB,2.8kg,589
HP,Probook 440,14,Intel Core i7 8550U 1.8GHz,8GB,1.63kg,1031
Dell,Latitude 5490,14,Intel Core i5 8250U 1.6GHz,8GB,1.6kg,1149
Dell,Inspiron 5379,13.3,Intel Core i7 8550U 1.8GHz,16GB,1.62kg,1279
Dell,Inspiron 3576,15.6,Intel Core i5 8250U 1.6GHz,8GB,2.2kg,677.35
Lenovo,Yoga 520-14IKB,14,Intel Core i5 8250U 1.6GHz,8GB,1.74kg,899
Toshiba,Portege Z30-C-16L,13.3,Intel Core i7 6500U 2.5GHz,8GB,1.2kg,1363
HP,ProBook 450,15.6,Intel Core i5 8250U 1.6GHz,8GB,2.1kg,794
Dell,Alienware 17,17.3,Intel Core i7 7700HQ 2.8GHz,16GB,4.42kg,2456.34
Acer,Aspire E5-576G,15.6,Intel Core i7 7500U 2.7GHz,8GB,2.2kg,832
Dell,Inspiron 5567,15.6,Intel Core i7 7500U 2.7GHz,16GB,2.3kg,859.01
Asus,Vivobook X541UV-DM1217T,15.6,Intel Core i5 7200U 2.5GHz,8GB,2kg,769
Asus,K756UX-T4340T (i5-7200U/8GB/500GB,17.3,Intel Core i5 7200U 2.5GHz,8GB,2.69kg,891
HP,ZBook 15u,15.6,Intel Core i7 7500U 2.7GHz,8GB,1.9kg,1269
Asus,Pro P2540UA-XO0198T,15.6,Intel Core i3 7100U 2.4GHz,4GB,2.37kg,398.99
HP,15-rb013nv (E2-9000e/4GB/500GB/W10),15.6,AMD E-Series 9000e 1.5GHz,4GB,2.1kg,330
Lenovo,Legion Y720-15IKB,15.6,Intel Core i7 7700HQ 2.8GHz,16GB,3.2kg,1499
Dell,Vostro 5468,14,Intel Core i5 7200U 2.5GHz,8GB,1.6kg,859
Acer,Aspire R7,13.3,Intel Core i5 6200U 2.3GHz,8GB,1.6kg,689
Dell,Inspiron 5567,15.6,Intel Core i7 7500U 2.7GHz,16GB,2.36kg,899
Acer,Aspire A315-51,15.6,Intel Core i3 6006U 2GHz,4GB,2.1kg,390
Asus,X555QG-DM242T (A10-9620P/4GB/1TB,15.6,AMD A10-Series A10-9620P 2.5GHz,4GB,2.2kg,575
Asus,ROG G703VI-E5062T,17.3,Intel Core i7 7820HK 2.9GHz,32GB,4.7kg,3890
Acer,Nitro AN515-51,15.6,Intel Core i5 7300HQ 2.5GHz,8GB,2.5kg,846
Lenovo,IdeaPad 320-15ISK,15.6,Intel Core i3 6006U 2GHz,8GB,2.2kg,589
Asus,VivoBook Pro,17.3,Intel Core i7 8550U 1.8GHz,8GB,2.1kg,1145
Asus,F756UX-T4201D (i7-7500U/8GB/128GB,17.3,Intel Core i7 7500U 2.7GHz,8GB,2.69kg,889
Dell,Inspiron 5577,15.6,Intel Core i5 7300HQ 2.5GHz,8GB,2.56kg,879
Lenovo,Yoga 910-13IKB,13.9,Intel Core i7 7500U 2.7GHz,8GB,1.38kg,1079
Dell,Inspiron 5570,15.6,Intel Core i7 8550U 1.8GHz,8GB,2.2kg,985
HP,15-bs015dx (i5-7200U/8GB/1TB/W10),15.6,Intel Core i5 7200U 2.5GHz,8GB,2.04kg,559
Asus,Rog G701VIK-BA060T,17.3,Intel Core i7 7820HK 2.9GHz,16GB,3.6kg,2999
HP,ProBook 430,13.3,Intel Core i5 8250U 1.6GHz,4GB,1.49kg,675
Apple,MacBook Pro,13.3,Intel Core i5 3.1GHz,8GB,1.37kg,2040
Dell,Inspiron 5579,15.6,Intel Core i7 8550U 1.8GHz,8GB,2.08kg,819
Asus,ROG G752VSK-GC493T,17.3,Intel Core i7 7700HQ 2.8GHz,16GB,4.3kg,1799
Asus,X505BP-BR019T (A9-9420/4GB/1TB/Radeon,15.6,AMD A9-Series 9420 3GHz,4GB,1.68kg,469
Lenovo,Yoga 920-13IKB,13.9,Intel Core i7 8550U 1.8GHz,8GB,1.37kg,1849
Acer,Aspire 5,17.3,Intel Core i3 7130U 2.7GHz,4GB,3kg,702
Dell,Vostro 5370,13.3,Intel Core i5 8250U 1.6GHz,8GB,1.41kg,949
HP,15-BW094nd (A6-9220/8GB/128GB/W10),15.6,AMD A6-Series A6-9220 2.5GHz,8GB,1.91kg,445.9
HP,Envy 17-U275cl,17.3,Intel Core i7 8550U 1.8GHz,16GB,2.9kg,1059
MSI,GT73EVR 7RE,17.3,Intel Core i7 7700HQ 2.8GHz,16GB,4.14kg,2499
Lenovo,Yoga 720-15IKB,15.6,Intel Core i7 7700HQ 2.8GHz,8GB,2kg,1699
Dell,Inspiron 5770,17.3,Intel Core i7 8550U 1.8GHz,8GB,2.8kg,1142
Lenovo,IdeaPad 320-15ISK,15.6,Intel Core i3 6006U 2GHz,4GB,2.2kg,444
HP,ProBook 450,15.6,Intel Core i5 8250U 1.6GHz,4GB,2.1kg,722
Dell,Vostro 3568,15.6,Intel Core i5 7200U 2.5GHz,4GB,2.18kg,657
Dell,Inspiron 3567,15.6,Intel Core i5 7200U 2.5GHz,8GB,2.24kg,565
Dell,Inspiron 5579,15.6,Intel Core i5 8250U 1.6GHz,8GB,2.67kg,799
Asus,ZenBook Flip,13.3,Intel Core i7 8550U 1.8GHz,8GB,1.1kg,1499
Lenovo,IdeaPad 320-15IKBN,15.6,Intel Core i5 7200U 2.5GHz,4GB,2.2kg,467
HP,Probook 470,17.3,Intel Core i7 8550U 1.8GHz,8GB,2.5kg,1018
Lenovo,V330-15IKB (i7-8550U/8GB/256GB/FHD/W10),15.6,Intel Core i7 8550U 1.8GHz,8GB,2.05kg,880
Apple,MacBook Pro,13.3,Intel Core i5 2.9GHz,8GB,1.37kg,1958.9
Asus,Rog Strix,17.3,AMD Ryzen 1700 3GHz,16GB,3.2kg,1549
Dell,Inspiron 3576,15.6,Intel Core i7 8550U 1.8GHz,8GB,2.14kg,735.07
Lenovo,ThinkPad X1,14,Intel Core i7 6600U 2.6GHz,16GB,1.36kg,2499
Toshiba,Satellite Pro,15.6,Intel Core i7 6500U 2.5GHz,8GB,2.2kg,812
Dell,Inspiron 5567,15.6,Intel Core i7 7500U 2.7GHz,12GB,2.3kg,713.07
Dell,Inspiron 5770,17.3,Intel Core i7 8550U 1.8GHz,8GB,2.8kg,1099
Acer,Aspire A515-51G,15.6,Intel Core i7 8550U 1.8GHz,8GB,2.2kg,745
Lenovo,IdeaPad 320-17ISK,17.3,Intel Core i3 6006U 2GHz,4GB,2.8kg,489
Lenovo,IdeaPad 320-17IKBR,17.3,Intel Core i7 8550U 1.8GHz,8GB,2.8kg,849
Lenovo,IdeaPad 320-17IKB,17.3,Intel Core i7 7500U 2.7GHz,6GB,2.8kg,859
Dell,Inspiron 3567,15.6,Intel Core i3 6006U 2.0GHz,4GB,2.25kg,428
Lenovo,Legion Y520-15IKBN,15.6,Intel Core i5 7300HQ 2.5GHz,8GB,2.5kg,829
Lenovo,Ideapad 320-15IKBN,15.6,Intel Core i5 7200U 2.5GHz,6GB,2.2kg,579
Acer,Aspire A517-51G,15.6,Intel Core i7 8550U 1.8GHz,8GB,3kg,951
Acer,SP315-51 (i7-7500U/12GB/1TB/FHD/W10),15.6,Intel Core i7 7500U 2.7GHz,12GB,2.15kg,659
Lenovo,Thinkpad T570,15.6,Intel Core i7 7500U 2.7GHz,8GB,1.95kg,1097
Asus,VivoBook S15,15.6,Intel Core i5 7200U 2.5GHz,8GB,1.7kg,977
Lenovo,Legion Y520-15IKBN,15.6,Intel Core i7 7700HQ 2.8GHz,16GB,2.5kg,1179
Lenovo,IdeaPad 320-15IKB,15.6,Intel Core i7 7500U 2.7GHz,8GB,2.2kg,659.01
Acer,Chromebook C910-C2ST,15.6,Intel Celeron Dual Core 3205U 1.5GHz,2GB,2.19kg,199
Asus,FX753VD-GC071T (i7-7700HQ/8GB/1TB/GeForce,17.3,Intel Core i7 7700HQ 2.8GHz,8GB,3kg,1187
HP,17-BS037cl (i3-6006U/8GB/1TB/W10),17.3,Intel Core i3 6006U 2GHz,8GB,2.54kg,489
Dell,XPS 15,15.6,Intel Core i7 7700HQ 2.8GHz,8GB,2kg,1829
Lenovo,V330-15IKB (i5-8250U/8GB/256GB/FHD/W10),15.6,Intel Core i5 8250U 1.6GHz,8GB,2.05kg,739
Lenovo,Legion Y720-15IKB,15.6,Intel Core i7 7700HQ 2.8GHz,8GB,3.2kg,1299
Acer,Aspire A715-71G,15.6,Intel Core i7 7700HQ 2.8GHz,8GB,2.5kg,979
Dell,Precision 7720,17.3,Intel Core i7 7820HQ 2.9GHz,16GB,3.42kg,2884.86
Lenovo,IdeaPad 310-15ABR,15.6,AMD A10-Series 9600P 2.4GHz,6GB,2.4kg,499
Asus,ZenBook UX530UQ-PRO,15.6,Intel Core i7 7500U 2.7GHz,16GB,1.63kg,1468
Asus,VivoBook S14,14,Intel Core i3 7100U 2.4GHz,4GB,1.3kg,509
Asus,Rog GL702VS-GC095T,17.3,Intel Core i7 7700HQ 2.8GHz,16GB,2.9kg,2122
Lenovo,IdeaPad 320-17IKB,17.3,Intel Core i5 7200U 2.5GHz,6GB,2.8kg,649
Lenovo,IdeaPad 320-15IKBN,15.6,Intel Core i5 7200U 2.5GHz,8GB,2.2kg,549
Asus,GL553VE-FY082T (i7-7700HQ/8GB/1TB,15.6,Intel Core i7 7700HQ 2.8GHz,8GB,2.5kg,1265
Lenovo,IdeaPad 320-15IAP,15.6,Intel Pentium Quad Core N4200 1.1GHz,4GB,2.2kg,359.99
HP,EliteBook x360,13.3,Intel Core i7 7600U 2.8GHz,16GB,1.28kg,1975
Toshiba,Satellite Pro,15.6,Intel Core i7 6500U 2.5GHz,8GB,2.2kg,1043
Lenovo,IdeaPad 320-15IKB,15.6,Intel Core i5 7200U 2.5GHz,8GB,2.3kg,819
HP,250 G6,15.6,Intel Core i3 6006U 2GHz,4GB,1.86kg,469
Lenovo,IdeaPad 720S-13IKB,13.3,Intel Core i5 7200U 2.5GHz,8GB,1.1kg,999
Dell,XPS 13,13.3,Intel Core i7 8550U 1.8GHz,16GB,1.21kg,2499
MSI,GE63VR 7RF,15.6,Intel Core i7 7700HQ 2.8GHz,16GB,2.8kg,2099
Acer,ES1-523-84K7 (A8-7410/8GB/256GB/FHD/W10),15.6,AMD A8-Series 7410 2.2GHz,8GB,2.23kg,469
Asus,VivoBook Flip,11.6,Intel Celeron Dual Core N3350 1.1GHz,2GB,1.1kg,275
Dell,Inspiron 5570,15.6,Intel Core i5 8250U 1.6GHz,8GB,2.33kg,844
HP,Spectre x360,13.3,Intel Core i7 8550U 1.8GHz,16GB,1.29kg,2449
Lenovo,ThinkPad 13,13.3,Intel Celeron Dual Core 3855U 1.6GHz,4GB,1.45kg,459.9
HP,ProBook 640,14,Intel Core i5 7200U 2.5GHz,8GB,1.95kg,980
Acer,TravelMate B,11.6,Intel Pentium Quad Core N3710 1.6GHz,4GB,1.4kg,485
HP,Elitebook 840,14,Intel Core i7 7500U 2.7GHz,8GB,1.48kg,1292
Lenovo,IdeaPad 320-17IKB,17.3,Intel Core i5 7200U 2.5GHz,4GB,2.79kg,589
Asus,ZenBook UX410UA-GV183T,14,Intel Core i7 7500U 2.7GHz,8GB,2kg,1094
HP,ProBook 450,15.6,Intel Core i7 8550U 1.8GHz,8GB,2.1kg,902
Acer,Aspire 5,15.6,AMD A12-Series 9720P 2.7GHz,8GB,2.2kg,659
Lenovo,IdeaPad 120S-14IAP,14,Intel Celeron Dual Core N3350 1.1GHz,4GB,1.44kg,292
Acer,Aspire E5-575,15.6,Intel Core i5 7200U 2.5GHz,6GB,2.23kg,549
Asus,VivoBook S15,15.6,Intel Core i7 7500U 2.7GHz,8GB,1.7kg,1049.9
HP,Elitebook 820,12.5,Intel Core i7 7500U 2.7GHz,8GB,1.26kg,1335
Dell,XPS 15,15.6,Intel Core i7 7700HQ 2.8GHz,32GB,2.06kg,2639
MSI,GL72M 7REX,17.3,Intel Core i7 7700HQ 2.8GHz,8GB,2.7kg,1199
Toshiba,Satellite Pro,15.6,Intel Core i5 7200U 2.5GHz,8GB,2.0kg,943
Asus,UX510UX-CN269T (i7-7500U/8GB/256GB,14,Intel Core i7 7500U 2.7GHz,8GB,2kg,1334
Lenovo,V310-15ISK (i3-6006U/4GB/1TB/FHD/W10),15.6,Intel Core i3 6006U 2GHz,4GB,1.85kg,449
Asus,FX553VD-FY647T (i7-7700HQ/8GB/256GB/GeForce,15.6,Intel Core i7 7700HQ 2.8GHz,8GB,2.5kg,999
HP,EliteBook 840,14,Intel Core i5 7300U 2.6GHz,8GB,1.48kg,1268
Dell,Inspiron 7570,15.6,Intel Core i5 8250U 1.6GHz,8GB,1.9kg,1049
HP,Elitebook 850,15.6,Intel Core i5 7200U 2.5GHz,8GB,1.84kg,1144
Asus,X541NA (N3350/4GB/1TB/Linux),15.6,Intel Celeron Dual Core N3350 1.1GHz,4GB,2kg,274.99
Dell,Inspiron 7570,15.6,Intel Core i5 8250U 1.6GHz,8GB,2kg,1142.75
Dell,Inspiron 3552,15.6,Intel Celeron Dual Core N3060 1.6GHz,4GB,2.2kg,274.9
Lenovo,IdeaPad 320-15ABR,15.6,AMD A12-Series 9720P 3.6GHz,12GB,2.2kg,899
HP,ProBook 450,15.6,Intel Core i3 7100U 2.4GHz,8GB,2.1kg,716
Lenovo,Yoga 920-13IKB,13.9,Intel Core i7 8550U 1.8GHz,16GB,1.4kg,2099
Dell,XPS 13,13.3,Intel Core i7 8550U 1.8GHz,8GB,1.2kg,1579
Lenovo,Legion Y520-15IKBN,15.6,Intel Core i7 7700HQ 2.8GHz,16GB,2.4kg,1129
HP,Stream 14-AX001nv,14,Intel Celeron Dual Core N3060 1.6GHz,2GB,1.44kg,279
Dell,Latitude 5590,15.6,Intel Core i7 8650U 1.9GHz,16GB,1.88kg,1607.96
Asus,VivoBook Flip,11.6,Intel Celeron Dual Core N3350 1.1GHz,4GB,1.5kg,375
Dell,Inspiron 5570,15.6,Intel Core i5 8250U 1.6GHz,8GB,1.9kg,663
Dell,XPS 15,15.6,Intel Core i7 7700HQ 2.8GHz,16GB,2.06kg,2027.42
HP,Elitebook 850,15.6,Intel Core i7 7500U 2.7GHz,8GB,1.84kg,1304
MSI,GP72MVR 7RFX,17.3,Intel Core i7 7700HQ 2.8GHz,8GB,2.7kg,1409
HP,Zbook 15,15.6,Intel Core i7 7700HQ 2.8GHz,8GB,2.6kg,1738.27
Toshiba,Tecra A50-C-21G,15.6,Intel Core i7 6500U 2.5GHz,16GB,2.4kg,1403
Dell,Inspiron 5570,15.6,Intel Core i7 8550U 1.8GHz,8GB,2.02kg,970.9
Lenovo,IdeaPad 320-15IAP,15.6,Intel Celeron Dual Core N3350 1.1GHz,4GB,2.2kg,321.99
Dell,Inspiron 7577,15.6,Intel Core i5 7300HQ 2.5GHz,8GB,2.65kg,999
Dell,Inspiron 3567,15.6,Intel Core i5 7200U 2.5GHz,8GB,2.36kg,557.37
Dell,Latitude 7480,14,Intel Core i5 7300U 2.6GHz,8GB,1.36kg,1427
HP,250 G6,15.6,Intel Core i3 6006U 2GHz,4GB,1.86kg,439
Asus,Zenbook UX410UA-GV027T,14,Intel Core i5 7200U 2.5GHz,8GB,2kg,945
Lenovo,IdeaPad 320-17IKB,17.3,Intel Core i5 7200U 2.5GHz,6GB,2.8kg,719
HP,250 G6,15.6,Intel Core i5 7200U 2.5GHz,8GB,1.86kg,639
Lenovo,IdeaPad 320-15ISK,15.6,Intel Core i3 6006U 2GHz,8GB,2.2kg,499
HP,15-AY023na (N3710/8GB/2TB/W10),15.6,Intel Pentium Quad Core N3710 1.6GHz,8GB,2.04kg,389
Dell,Inspiron 5770,17.3,Intel Core i5 8250U 1.6GHz,8GB,2.8kg,1085
Lenovo,Legion Y520-15IKBN,15.6,Intel Core i5 7300HQ 2.5GHz,8GB,2.4kg,809
Dell,Inspiron 5567,15.6,Intel Core i7 7500U 2.7GHz,8GB,2.33kg,899
HP,Elitebook 1040,14,Intel Core i7 7500U 2.7GHz,8GB,1.36kg,1750
Asus,ZenBook Flip,15.6,Intel Core i7 7500U 2.7GHz,12GB,2.26kg,1099
Acer,Aspire 3,15.6,AMD A9-Series 9420 3GHz,4GB,2.1kg,426
Asus,Rog Strix,17.3,AMD Ryzen 1700 3GHz,16GB,3.25kg,2199
Lenovo,IdeaPad 110-17ACL,17.3,AMD A8-Series 7410 2.2GHz,4GB,2.6kg,489
Dell,Inspiron 5379,13.3,Intel Core i7 8550U 1.8GHz,8GB,1.62kg,869.01
HP,15-bw003nv (A9-Series-9420/4GB/256GB/FHD/W10),15.6,AMD A9-Series 9420 3GHz,4GB,1.91kg,488.99
Lenovo,Yoga 11e,11.6,Intel Celeron Quad Core N3450 1.1GHz,4GB,1.59kg,553
Dell,Inspiron 3552,15.6,Intel Celeron Dual Core N3060 1.60GHz,4GB,1.8kg,309
Asus,VivoBook E403NA,14,Intel Celeron Dual Core N3350 1.1GHz,4GB,1.5kg,286
Acer,Aspire 7,15.6,Intel Core i7 7700HQ 2.8GHz,8GB,2.4kg,846
HP,Omen 17-w212nv,17.3,Intel Core i7 7700HQ 2.8GHz,8GB,3.35kg,1191
Lenovo,V310-15ISK (i3-6006U/4GB/128GB/FHD/No,15.6,Intel Core i3 6006U 2GHz,4GB,1.85kg,403.5
Asus,ROG Strix,15.6,Intel Core i7 7700HQ 2.8GHz,8GB,2.3kg,1655
Lenovo,IdeaPad 720S-14IKB,14,Intel Core i5 7200U 2.5GHz,8GB,1.5kg,1099
Asus,Zenbook Flip,13.3,Intel Core i7 7500U 2.7GHz,16GB,1.1kg,1748.9
Lenovo,Thinkpad X1,14,Intel Core i7 7500U 2.7GHz,8GB,1.13kg,2282
Lenovo,Ideapad 510S-13IKB,13.3,Intel Core i3 7100U 2.4GHz,4GB,1.5kg,549
Dell,Precision 3510,15.6,Intel Core i5 6440HQ 2.6GHz,8GB,2.23kg,1369
Dell,Precision 5520,15.6,Intel Core i7 6820HQ 2.7GHz,8GB,2kg,2135
Lenovo,ThinkPad X1,14,Intel Core i7 7500U 2.7GHz,16GB,1.42kg,2509
Asus,Rog GL753VD-GC042T,17.3,Intel Core i7 7700HQ 2.8GHz,8GB,3kg,1039
Asus,Rog GL753VE-GC070T,17.3,Intel Core i7 7700HQ 2.8GHz,16GB,3kg,1591
Acer,Aspire 5,15.6,Intel Core i5 8250U 1.6GHz,12GB,2.2kg,693.99
MSI,Leopard GP72M,17.3,Intel Core i7 7700HQ 2.8GHz,8GB,2.7kg,1349
Dell,Inspiron 5567,15.6,Intel Core i7 7500U 2.7GHz,8GB,2.33kg,778.87
HP,15-BW004nv (A9-9420/4GB/256GB/Radeon,15.6,AMD A9-Series 9420 3GHz,4GB,1.91kg,499
Lenovo,ThinkPad E580,15.6,Intel Core i7 8550U 1.8GHz,8GB,2.1kg,1229.56
Lenovo,ThinkPad L470,14,Intel Core i5 7200U 2.5GHz,8GB,1.9kg,938
Dell,Precision M5520,15.6,Intel Core i7 7700HQ 2.8GHz,8GB,1.78kg,2712
Lenovo,Thinkpad X1,14,Intel Core i7 7500U 2.7GHz,16GB,1.13kg,2625
Lenovo,IdeaPad 320-15IAP,15.6,Intel Celeron Dual Core N3350 1.1GHz,4GB,2.2kg,306
Asus,FX753VD-GC461T (i7-7700HQ/16GB/1TB,17.3,Intel Core i7 7700HQ 2.8GHz,16GB,2.9kg,1529
Lenovo,ThinkPad E580,15.6,Intel Core i5 8250U 1.6GHz,8GB,2.1kg,1144.5
Acer,Aspire 7,15.6,Intel Core i7 7700HQ 2.8GHz,8GB,2.5kg,879
MSI,GE73VR 7RF,17.3,Intel Core i7 7700HQ 2.8GHz,16GB,2.8kg,2249
Asus,Zenbook 3,14,Intel Core i7 7500U 2.7GHz,8GB,1.10kg,1873
Toshiba,Portege Z30-C-16P,13.3,Intel Core i7 6500U 2.5GHz,16GB,1.2kg,1747
Dell,Latitude 7480,14,Intel Core i7 7600U 2.8GHz,8GB,1.36kg,1680
Lenovo,IdeaPad 320-15ISK,15.6,Intel Core i3 6006U 2GHz,4GB,2.2kg,409
Lenovo,Lenovo IdeaPad,11.6,Intel Celeron Dual Core N3350 1.1GHz,2GB,1.15kg,304.45
Lenovo,ThinkPad P51,15.6,Intel Core i7 7700HQ 2.8GHz,8GB,2.67kg,1925
Lenovo,Thinkpad T470p,14,Intel Core i7 7700HQ 2.8GHz,8GB,1.7kg,1943
HP,15-BS028nv (i3-6006U/4GB/1TB/Radeon,15.6,Intel Core i3 6006U 2GHz,4GB,2.1kg,469
Acer,Aspire R7,13.3,Intel Core i7 6500U 2.5GHz,8GB,1.6kg,789.01
Asus,ZenBook Flip,13.3,Intel Core i5 7200U 2.5GHz,8GB,1.27kg,928
Dell,Inspiron 3567,15.6,Intel Core i5 7200U 2.5GHz,4GB,2.3kg,598.9
Dell,Latitude 3380,13.3,Intel Core i3 6006U 2GHz,4GB,1.65kg,689
HP,EliteBook 1040,14,Intel Core i7 6500U 2.5GHz,8GB,1.43kg,1500
Dell,Inspiron 3567,15.6,Intel Core i5 7200U 2.5GHz,8GB,2.14kg,539.95
Lenovo,ThinkPad E480,14,Intel Core i7 8550U 1.8GHz,8GB,1.75kg,1215.38
Lenovo,Yoga 720-15IKB,15.6,Intel Core i7 7700HQ 2.8GHz,16GB,2kg,1899
Chuwi,LapBook 12.3,12.3,Intel Celeron Quad Core N3450 1.1GHz,6GB,1.4kg,449
HP,ProBook 650,15.6,Intel Core i7 7820HQ 2.9GHz,8GB,2.31kg,1427
Asus,X542UQ-DM117 (i3-7100U/8GB/1TB/GeForce,15.6,Intel Core i3 7100U 2.4GHz,8GB,2.3kg,597
Dell,Alienware 17,17.3,Intel Core i7 7820HK 2.9GHz,16GB,4.42kg,2799
Dell,Inspiron 7577,15.6,Intel Core i7 7700HQ 2.8GHz,8GB,2.62kg,1159
Dell,Inspiron 5570,15.6,Intel Core i7 8550U 1.8GHz,8GB,2.02kg,1142.4
Dell,Latitude 5480,14,Intel Core i7 7600U 2.8GHz,8GB,1.6kg,1099
HP,Omen 17-w207nv,17.3,Intel Core i7 7700HQ 2.8GHz,12GB,3.35kg,1999
Mediacom,FlexBook Edge,11.6,Intel Celeron Dual Core N3350 1.1GHz,4GB,1.16kg,299
Samsung,Chromebook 3,11.6,Intel Celeron Dual Core N3060 1.6GHz,4GB,1.15kg,269
Lenovo,Thinkpad 13,13.3,Intel Core i7 7500U 2.7GHz,8GB,1.4kg,1010
Lenovo,IdeaPad 320s-14IKB,14,Intel Core i3 7130U 2.7GHz,4GB,1.7kg,599
Lenovo,Thinkpad T570,15.6,Intel Core i7 7600U 2.8GHz,16GB,2.3kg,2445
Lenovo,Thinkpad P51,15.6,Intel Core i7 7820HQ 2.9GHz,16GB,2.5kg,2449
Asus,Rog Strix,17.3,AMD Ryzen 1600 3.2GHz,8GB,3.2kg,1695
HP,15-ra044nv (N3060/4GB/500GB/W10),15.6,Intel Celeron Dual Core N3060 1.6GHz,4GB,2.1kg,347
Google,Pixelbook (Core,12.3,Intel Core i7 7Y75 1.3GHz,16GB,1.1kg,2199
Lenovo,ThinkPad T470s,14,Intel Core i7 7500U 2.7GHz,24GB,1.32kg,2382
Asus,VivoBook Max,15.6,Intel Core i5 7200U 2.5GHz,4GB,2kg,559
Lenovo,IdeaPad 320-15AST,17.3,AMD A6-Series 9220 2.5GHz,8GB,2.8kg,519
Dell,Inspiron 5570,15.6,Intel Core i5 8250U 1.6GHz,4GB,2.2kg,749
Lenovo,ThinkPad X270,12.5,Intel Core i5 7200U 2.5GHz,8GB,1.36kg,1429
Lenovo,IdeaPad 320-15IAP,15.6,Intel Pentium Quad Core N4200 1.1GHz,4GB,2.2kg,349
HP,Omen 15-AX205na,15.6,Intel Core i7 7700HQ 2.8GHz,8GB,2.2kg,1099
Dell,Latitude 5480,14,Intel Core i5 7440HQ 2.8GHz,8GB,1.64kg,1179
Acer,Aspire ES1-572,15.6,Intel Core i5 7200U 2.5GHz,4GB,2.4kg,441.8
Dell,Precision 3520,15.6,Intel Xeon E3-1505M V6 3GHz,8GB,2.23kg,1993
MSI,GV62 7RD-1686NL,15.6,Intel Core i5 7300HQ 2.5GHz,8GB,2.2kg,1027.74
Microsoft,Surface Laptop,13.5,Intel Core i7 7660U 2.5GHz,16GB,1.25kg,2589
HP,15-bs024nv (i5-7200U/8GB/128GB/W10),15.6,Intel Core i5 7200U 2.5GHz,8GB,1.91kg,589
Dell,Precision 3520,15.6,Intel Core i7 6820HQ 2.7GHz,16GB,2.17kg,1975
HP,ProBook 650,15.6,Intel Core i7 7820HQ 2.9GHz,8GB,2.31kg,1534
Lenovo,ThinkPad T470,14,Intel Core i5 7200U 2.5GHz,8GB,1.65kg,1345
Dell,Inspiron 5570,15.6,Intel Core i7 8550U 1.8GHz,8GB,2.36kg,979
Dell,Inspiron 3168,11.6,Intel Pentium Quad Core N3710 1.6GHz,4GB,1.47kg,479
Dell,Alienware 17,17.3,Intel Core i7 7700HQ 2.7GHz,8GB,4.42kg,2046
Microsoft,Surface Laptop,13.5,Intel Core M m3-7Y30 2.2GHz,4GB,1.252kg,989
Microsoft,Surface Laptop,13.5,Intel Core i7 7660U 2.5GHz,8GB,1.25kg,1799
HP,17-BS092ND (i3-6006U/8GB/256GB/W10),17.3,Intel Core i3 6006U 2GHz,8GB,2.5kg,639.9
Acer,Aspire E5-576G,15.6,Intel Core i3 6006U 2GHz,4GB,2.23kg,544
Acer,TravelMate B,11.6,Intel Celeron Dual Core N3060 1.6GHz,4GB,1.4kg,435
Asus,Pro P2540UA-AB51,15.6,Intel Core i5 7200U 2.5GHz,8GB,2.37kg,749
Lenovo,IdeaPad 510s-14IKB,14,Intel Core i7 7500U 2.7GHz,8GB,1.5kg,799
Lenovo,Thinkpad P51,15.6,Intel Core i7 7820HQ 2.9GHz,8GB,2.67kg,2090
Asus,X541NA-PD1003Y (N4200/4GB/500GB/W10),15.6,Intel Pentium Quad Core N4200 1.1GHz,4GB,2kg,304
Acer,Aspire 5,15.6,Intel Core i3 6006U 2GHz,4GB,2.2kg,469
Dell,Inspiron 5570,15.6,Intel Core i5 8250U 1.6GHz,8GB,2.02kg,759
HP,Omen 17-an006nv,17.3,Intel Core i7 7700HQ 2.8GHz,12GB,3.78kg,1699
Lenovo,Thinkpad T460s,14,Intel Core i7 6600U 2.6GHz,12GB,1.4kg,1858
HP,Spectre x360,13.3,Intel Core i7 8550U 1.8GHz,8GB,1.29kg,1999
HP,ZBook 15u,15.6,Intel Core i5 7200U 2.5GHz,8GB,1.9kg,1154
Google,Pixelbook (Core,12.3,Intel Core i5 7Y57 1.2GHz,8GB,1.1kg,1275
Dell,Latitude 7390,13.3,Intel Core i5 8250U 1.6GHz,8GB,1.42kg,1841.85
Asus,ZenBook Pro,15.6,Intel Core i7 6700HQ 2.6GHz,12GB,2.06kg,1299
Dell,Latitude E5470,14,Intel Core i3 6100U 2.3GHz,8GB,1.79kg,740
Dell,Precision M5520,15.6,Intel Core i7 7700HQ 2.8GHz,8GB,1.78kg,2408
Lenovo,Thinkpad T470,14,Intel Core i5 7200U 2.5GHz,8GB,1.7kg,1364
Dell,Inspiron 3576,15.6,Intel Core i5 8250U 1.6GHz,8GB,2.2kg,675
Toshiba,Portege X30-D-10J,13.3,Intel Core i5 7200U 2.5GHz,8GB,1.05kg,1672
Dell,Inspiron 7570,15.6,Intel Core i7 8550U 1.8GHz,8GB,2.16kg,1262
Dell,Vostro 3568,15.6,Intel Core i3 7100U 2.4GHz,4GB,2.18kg,586.6
HP,ProBook 430,13.3,Intel Core i5 8250U 1.6GHz,4GB,1.49kg,726
Chuwi,"Lapbook 15,6",15.6,Intel Atom x5-Z8350 1.44GHz,4GB,1.89kg,248.9
Lenovo,ThinkPad E570,15.6,Intel Core i3 6006U 2.0GHz,4GB,2.3kg,565
Lenovo,ThinkPad E480,14,Intel Core i5 8250U 1.6GHz,8GB,1.75kg,1049
Dell,Precision 3520,15.6,Intel Core i7 6820HQ 2.7GHz,16GB,2.17kg,2338
Dell,XPS 15,15.6,Intel Core i7 7700HQ 2.8GHz,16GB,2.06kg,1899
Lenovo,Thinkpad X270,12.5,Intel Core i7 7500U 2.7GHz,16GB,1.36kg,1798
Asus,Zenbook UX390UA,12.5,Intel Core i7 7500U 2.7GHz,16GB,0.91kg,1950
Lenovo,Thinkpad E570,15.6,Intel Core i5 7200U 2.5GHz,8GB,2.3kg,1011.99
Toshiba,Portege X30-D-10L,13.3,Intel Core i7 7500U 2.7GHz,32GB,1.05kg,2799
Asus,VivoBook Pro,15.6,Intel Core i7 7700HQ 2.8GHz,8GB,1.99kg,1350
Acer,Aspire 5,15.6,AMD A10-Series 9620P 2.5GHz,8GB,2.2kg,579
Asus,Rog G752VL-UH71T,17.3,Intel Core i7 6700HQ 2.6GHz,24GB,4.33kg,1269
Lenovo,Thinkpad X260,12.5,Intel Core i5 6200U 2.3GHz,8GB,1.3kg,1099
Lenovo,Ideapad 520-15IKBR,15.6,Intel Core i7 8550U 1.8GHz,8GB,2.17kg,898.9
HP,EliteBook 840,14,Intel Core i7 7600U 2.8GHz,8GB,1.48kg,1749
Lenovo,ThinkPad 13,13.3,Intel Core i3 7100U 2.4GHz,8GB,1.4kg,949
Lenovo,ThinkPad L570,15.6,Intel Core i5 7200U 2.5GHz,8GB,2.3kg,911
Asus,VivoBook E201NA,11.6,Intel Celeron Dual Core N3350 1.1GHz,4GB,1.2kg,340
HP,15-BS026nv (i5-7200U/8GB/256GB/Radeon,15.6,Intel Core i5 7200U 2.5GHz,8GB,1.91kg,618.99
Lenovo,Yoga 920-13IKB,13.9,Intel Core i5 8250U 1.6GHz,8GB,1.4kg,1599
Lenovo,IdeaPad 320-14IAP,14,Intel Celeron Dual Core N3350 1.1GHz,4GB,2.1kg,299
Lenovo,Chromebook N23,11.6,Intel Celeron Dual Core N3060 1.6GHz,4GB,1.25kg,265
Lenovo,ThinkPad 13,13.3,Intel Core i5 7200U 2.5GHz,8GB,1.44kg,949
Asus,ZenBook UX510UX-CN211T,15.6,Intel Core i7 7500U 2.7GHz,8GB,2kg,1224
Acer,Aspire A515-51G-59QF,15.6,Intel Core i5 8250U 1.6GHz,4GB,2.2kg,613
HP,Envy 13-AB002nv,13.3,Intel Core i7 7500U 2.7GHz,8GB,1.34kg,1323
Lenovo,Legion Y520-15IKBN,15.6,Intel Core i7 7700HQ 2.8GHz,8GB,2.4kg,1149
Dell,XPS 13,13.3,Intel Core i5 7200U 2.5GHz,8GB,1.29kg,899
Acer,Aspire A515-51G,15.6,Intel Core i7 7500U 2.7GHz,4GB,2.2kg,639
Dell,Vostro 5568,15.6,Intel Core i5 7200U 2.5GHz,8GB,2.18kg,836
Dell,Inspiron 5570,15.6,Intel Core i7 8550U 1.8GHz,16GB,2.2kg,1219.24
Xiaomi,Mi Notebook,15.6,Intel Core i7 8550U 1.8GHz,16GB,1.95kg,1399.95
Asus,VivoBook E12,11.6,Intel Celeron Dual Core N3350 1.1GHz,2GB,1.1kg,245
HP,15-bs190od (i5-8250U/4GB/1TB/W10),15.6,Intel Core i5 8250U 1.6GHz,4GB,2.04kg,521.47
Asus,ROG Zephyrus,15.6,Intel Core i7 7700HQ 2.8GHz,24GB,2.24kg,2968
HP,Probook 450,15.6,Intel Core i5 7200U 2.5GHz,8GB,2.04kg,889
Asus,FX753VE-GC155T (i7-7700HQ/16GB/1TB,17.3,Intel Core i7 7700HQ 2.8GHz,16GB,3kg,1504
Lenovo,Legion Y720-15IKB,15.6,Intel Core i7 7700HQ 2.8GHz,8GB,3.2kg,1399
HP,Spectre X360,13.3,Intel Core i7 7500U 2.7GHz,8GB,1.32kg,1399
Dell,Latitude 5480,14,Intel Core i5 7300U 2.6GHz,8GB,1.64kg,1279.73
HP,ProBook 440,15.6,Intel Core i3 6006U 2GHz,4GB,1.63kg,689
Dell,Inspiron 5770,17.3,Intel Core i5 8250U 1.6GHz,8GB,2.8kg,889
Lenovo,ThinkPad L470,14,Intel Core i5 6200U 2.3GHz,8GB,2.02kg,1340
Lenovo,IdeaPad 320-15IKB,15.6,Intel Core i7 7500U 2.7GHz,4GB,2.2kg,799
Lenovo,IdeaPad 320-15ISK,15.6,Intel Core i3 6006U 2GHz,8GB,2.2kg,459
Dell,Inspiron 3567,15.6,Intel Core i5 7200U 2.5GHz,4GB,2.3kg,585
Dell,Latitude 5580,15.6,Intel Core i5 7440HQ 2.8GHz,8GB,1.9kg,1377
Dell,Alienware 17,17.3,Intel Core i7 7700HQ 2.8GHz,16GB,4.42kg,3012.77
Toshiba,Satellite Pro,15.6,Intel Core i5 7200U 2.5GHz,8GB,2.0kg,860
Asus,Zenbook UX510UW-FI095T,15.6,Intel Core i7 7500U 2.7GHz,8GB,2kg,1299
Mediacom,SmartBook Edge,13.3,Intel Celeron Quad Core N3450 1.1GHz,4GB,1.2kg,369
Asus,ROG Strix,15.6,Intel Core i5 7300HQ 2.5GHz,8GB,2.3kg,1649
Dell,Latitude 5580,15.6,Intel Core i7 7600U 2.8GHz,8GB,1.93kg,1369
Dell,Inspiron 5570,15.6,Intel Core i5 8250U 1.6GHz,8GB,2.2kg,797.41
HP,250 G6,15.6,Intel Pentium Quad Core N3710 1.6GHz,4GB,1.86kg,398.99
HP,Omen 15-ce006nv,17.3,Intel Core i7 7700HQ 2.8GHz,12GB,2.62kg,1799
Lenovo,Thinkpad E470,14,Intel Core i7 7500U 2.7GHz,8GB,1.87kg,859
Dell,XPS 13,13.3,Intel Core i7 8550U 1.8GHz,8GB,1.2kg,1399
Dell,Vostro 5468,14,Intel Core i3 6006U 2GHz,4GB,1.6kg,735.87
HP,Envy 13-AB020nr,13.3,Intel Core i7 7500U 2.7GHz,8GB,1.34kg,1145
Acer,Aspire 7,15.6,Intel Core i5 7300HQ 2.5GHz,8GB,2.4kg,798
Asus,VivoBook X540YA-XX519T,15.6,AMD E-Series 7110 1.8GHz,4GB,2kg,349
HP,ProBook 450,15.6,Intel Core i3 7100U 2.4GHz,4GB,2.1kg,705.5
Lenovo,ThinkPad E470,14,Intel Core i5 7200U 2.5GHz,4GB,1.87kg,785
Lenovo,V310-15ISK (i5-6200U/4GB/1TB/FHD/No,15.6,Intel Core i5 6200U 2.3GHz,4GB,2.15kg,462.35
HP,250 G6,15.6,Intel Core i3 6006U 2GHz,4GB,1.86kg,397
Lenovo,ThinkPad T570,15.6,Intel Core i7 7500U 2.7GHz,8GB,1.99kg,1729
Lenovo,IdeaPad 320-15ISK,15.6,Intel Core i3 6006U 2GHz,4GB,2.2kg,499
Dell,Latitude 5580,15.6,Intel Core i5 7200U 2.5GHz,8GB,1.9kg,1116.99
Dell,Alienware 17,17.3,Intel Core i7 7700HQ 2.8GHz,16GB,4.42kg,2699
HP,17-X047na (i3-6006U/8GB/1TB/W10),17.3,Intel Core i3 6006U 2GHz,8GB,2.65kg,544.15
HP,ProBook 470,17.3,Intel Core i7 7500U 2.7GHz,8GB,2.63kg,1280
Asus,A541NA-GO342 (N3350/4GB/500GB/Linux),15.6,Intel Celeron Dual Core N3350 1.1GHz,4GB,2kg,224
Mediacom,SmartBook 130,13.3,Intel Atom x5-Z8350 1.44GHz,4GB,1.35kg,255
Lenovo,IdeaPad 320-17IKB,17.3,Intel Core i7 7500U 2.7GHz,6GB,2.8kg,949
HP,15-bw007nv (A10-9620P/6GB/128GB/Radeon,15.6,AMD A10-Series A10-9620P 2.5GHz,6GB,1.91kg,568.9
Dell,Vostro 3568,15.6,Intel Core i3 6006U 2GHz,4GB,2.18kg,617.9
Acer,Spin SP111-31,11.6,Intel Celeron Dual Core N3350 2.0GHz,4GB,1.25kg,349
Lenovo,V330-15IKB (i3-7130U/4GB/128GB/FHD/W10),15.6,Intel Core i3 7130U 2.7GHz,4GB,2.05kg,630
HP,EliteBook 1030,13.3,Intel Core M 6Y75 1.2GHz,16GB,1.16kg,1965
Lenovo,Thinkpad P71,17.3,Intel Core i7 7700HQ 2.8GHz,8GB,3.4kg,2999
Asus,FX553VD-DM627T (i5-7300HQ/8GB/1TB,15.6,Intel Core i5 7300HQ 2.5GHz,8GB,2.5kg,839
Dell,XPS 13,13.3,Intel Core i5 8250U 1.6GHz,8GB,1.21kg,1599
Dell,Latitude 5580,15.6,Intel Core i5 7300U 2.6GHz,4GB,1.93kg,959
Fujitsu,Lifebook A557,15.6,Intel Core i5 7200U 2.5GHz,8GB,2.2kg,739
Lenovo,IdeaPad 320-15IAP,15.6,Intel Pentium Quad Core N4200 1.1GHz,4GB,2.2kg,344
Lenovo,ThinkPad L470,14,Intel Core i5 7200U 2.5GHz,4GB,2.02kg,990
HP,ZBook 17,17.3,Intel Core i5 7440HQ 2.8GHz,8GB,3.14kg,1860.99
HP,14-am079na (N3710/8GB/2TB/W10),14,Intel Pentium Quad Core N3710 1.6GHz,8GB,1.94kg,389
HP,15-cd005nv (A9-9420/6GB/256GB/Radeon,15.6,AMD A9-Series A9-9420 3GHz,6GB,1.95kg,649
Lenovo,Thinkpad E570,15.6,Intel Core i5 7200U 2.5GHz,8GB,2.3kg,830
Lenovo,V330-15IKB (i5-8250U/4GB/500GB/FHD/W10),15.6,Intel Core i5 8250U 1.6GHz,4GB,2.05kg,685
Mediacom,SmartBook 141,14,Intel Atom x5-Z8350 1.44GHz,4GB,1.4kg,249
Toshiba,Tecra X40-D-10H,14,Intel Core i7 7500U 2.7GHz,16GB,1.24kg,1865
Lenovo,IdeaPad Y910-17ISK,17.3,Intel Core i7 6820HK 2.7GHz,32GB,4.6kg,2663
MSI,GT73VR Titan,17.3,Intel Core i7 7820HK 2.9GHz,16GB,4.14kg,2729
Dell,Inspiron 3567,15.6,Intel Core i7 7500U 2.7GHz,8GB,2.2kg,749.01
Mediacom,SmartBook Edge,14,Intel Celeron Quad Core N3450 1.1GHz,4GB,1.45kg,389
Dell,Latitude 5580,15.6,Intel Core i5 7300U 2.6GHz,8GB,1.9kg,1008.52
HP,ProBook 430,13.3,Intel Core i3 7100U 2.4GHz,4GB,1.49kg,719
Dell,Latitude 5580,15.6,Intel Core i7 7600U 2.8GHz,16GB,1.93kg,1537.39
Dell,Chromebook 11,11.6,Intel Celeron Dual Core N3060 1.6GHz,4GB,1.26kg,295
MSI,GT80S 6QE,17.3,Intel Core i7 6820HK 2.7GHz,16GB,4.5kg,2349
HP,Omen 17-AN010nv,17.3,Intel Core i7 7700HQ 2.8GHz,16GB,3.78kg,1498
Lenovo,Thinkpad T460s,14,Intel Core i7 6600U 2.6GHz,12GB,1.4kg,1673
Lenovo,Ideapad 320-15IKBR,15.6,Intel Core i7 8550U 1.8GHz,12GB,2.2kg,609
Asus,ROG Strix,17.3,Intel Core i5 7300HQ 2.5GHz,8GB,2.73kg,1770
Asus,TP501UA-CJ131T (i5-7200U/8GB/1TB/W10),15.6,Intel Core i5 7200U 2.5GHz,8GB,2.2kg,739
Lenovo,IdeaPad 320-15ABR,15.6,AMD A12-Series 9720P 3.6GHz,12GB,2.2kg,949
Dell,Inspiron 3179,11.6,Intel Core M 7Y30 1.0GHz,4GB,1.39kg,603
Samsung,Notebook Odyssey,15.6,Intel Core i7 7700HQ 2.8GHz,16GB,2.5kg,1699
Lenovo,V320-17ISK (i3-6006U/4GB/500GB/FHD/No,17.3,Intel Core i3 6006U 2GHz,4GB,2.8kg,529
Lenovo,IdeaPad 110-15ISK,15.6,Intel Core i3 6100U 2.3GHz,8GB,2.29kg,459
Lenovo,ThinkPad Yoga,13.3,Intel Core i7 7500U 2.7GHz,8GB,1.37kg,2025
Lenovo,Thinkpad T470p,14,Intel Core i5 7300HQ 2.5GHz,8GB,1.7kg,1474
Dell,Latitude 5289,12.5,Intel Core i5 7200U 2.5GHz,8GB,1.34kg,1670
Dell,Precision 3520,15.6,Intel Core i7 7700HQ 2.8GHz,8GB,2.06kg,1763
HP,EliteBook 850,15.6,Intel Core i7 7500U 2.7GHz,8GB,1.84kg,1219
HP,ProBook 450,15.6,Intel Core i3 7100U 2.4GHz,4GB,2.1kg,668.48
Acer,Aspire 1,14,Intel Celeron Quad Core N3450 1.1GHz,4GB,1.6kg,329
MSI,Laptop MSI,17.3,Intel Core i7 6820HK 2.7GHz,16GB,4.14kg,2199
Dell,Vostro 3568,15.6,Intel Core i3 6006U 2GHz,4GB,2.18kg,465
MSI,GS63VR 7RF,15.6,Intel Core i7 7700HQ 2.8GHz,16GB,1.8kg,2299
Toshiba,Tecra Z50-C-144,15.6,Intel Core i7 6500U 2.5GHz,8GB,2.2kg,1399
Lenovo,IdeaPad 310-15IKB,15.6,Intel Core i5 7200U 2.5GHz,6GB,2.4kg,564
Lenovo,Yoga 720-15IKB,15.6,Intel Core i7 7700HQ 2.8GHz,8GB,2kg,1299
Acer,Swift SF114-31-P5HY,14,Intel Pentium Quad Core N3710 1.6GHz,4GB,1.6kg,349
Lenovo,Thinkpad P51,15.6,Intel Xeon E3-1535M v6 3.1GHz,32GB,2.5kg,4899
Dell,Inspiron 7559,15.6,Intel Core i7 6700HQ 2.6GHz,16GB,2.59kg,879.01
Dell,Vostro 3568,15.6,Intel Core i3 6006U 2.0GHz,4GB,2.18kg,443.9
Dell,Inspiron 3567,15.6,Intel Core i3 6006U 2.0GHz,4GB,2.25kg,359
Dell,Latitude 5580,15.6,Intel Core i5 7300U 2.6GHz,4GB,1.93kg,869
Asus,FX753VD-GC007T (i7-7700HQ/8GB/1TB,17.3,Intel Core i7 7700HQ 2.8GHz,8GB,3kg,1168
Dell,Vostro 3568,15.6,Intel Core i5 7200U 2.5GHz,4GB,2.18kg,569
HP,EliteBook 850,15.6,Intel Core i7 7500U 2.7GHz,8GB,1.84kg,1389
MSI,GT62VR 7RE,15.6,Intel Core i7 7700HQ 2.8GHz,16GB,2.94kg,2267.86
Acer,CB5-132T-C9KK (N3160/4GB/32GB/Chrome,11.6,Intel Celeron Quad Core N3160 1.6GHz,4GB,1.25kg,379
HP,ProBook 650,14,Intel Core i5 7300U 2.6GHz,8GB,2.31kg,1124
Lenovo,ThinkPad T470,14,Intel Core i5 6200U 2.3GHz,8GB,1.65kg,1465
Dell,Inspiron 5570,15.6,Intel Core i5 8250U 1.6GHz,4GB,2.2kg,776
Fujitsu,LifeBook A557,15.6,Intel Core i5 7200U 2.5GHz,8GB,2.2kg,799
HP,EliteBook 850,15.6,Intel Core i5 6200U 2.3GHz,4GB,1.88kg,932
Lenovo,IdeaPad 320-15IKB,15.6,Intel Core i7 7500U 2.7GHz,8GB,2.2kg,899
Mediacom,SmartBook 140,14,Intel Atom x5-Z8350 1.44GHz,2GB,1.4kg,239
Lenovo,IdeaPad 320-15IKBN,15.6,Intel Core i5 7200U 2.5GHz,4GB,2.2kg,468
Asus,Q304UA-BHI5T11 (i5-7200U/6GB/1TB/FHD/W10),13.3,Intel Core i5 7200U 2.5GHz,6GB,1.5kg,639.01
Dell,XPS 15,15.6,Intel Core i7 7700HQ 2.8GHz,8GB,2kg,1820
Asus,ZenBook 3,14,Intel Core i7 7500U 2.7GHz,16GB,1.1kg,1900
Dell,Inspiron 7567,15.6,Intel Core i7 7700HQ 2.8GHz,16GB,2.62kg,1479
Lenovo,V330-15IKB (i5-8250U/4GB/256GB/FHD/W10),15.6,Intel Core i5 8250U 1.6GHz,4GB,1.8kg,829
Lenovo,Ideapad 320-15ISK,15.6,Intel Core i3 6006U 2GHz,4GB,2.2kg,579
Asus,X541NA-GO414T (N3350/8GB/1TB/W10),15.6,Intel Celeron Dual Core N3350 1.1GHz,8GB,2kg,399
Asus,VivoBook Pro,15.6,Intel Core i5 7300HQ 2.5GHz,8GB,1.99kg,906.62
Dell,XPS 13,13.3,Intel Core i5 8250U 1.6GHz,8GB,1.23kg,1869
Lenovo,IdeaPad 100S-14IBR,14,Intel Celeron Dual Core N3060 1.6GHz,2GB,1.42kg,249
Lenovo,Thinkpad Yoga,13.3,Intel Core i7 7500U 2.7GHz,8GB,1.37kg,1757.42
Dell,XPS 15,15.6,Intel Core i7 7700HQ 2.8GHz,16GB,2.06kg,2399
Lenovo,Legion Y520-15IKBN,15.6,Intel Core i7 7700HQ 2.8GHz,8GB,2.5kg,1109
HP,17-AK091ND (A9-9420/8GB/1TB/W10),17,AMD A9-Series 9420 3GHz,8GB,2.6kg,520.9
Lenovo,ThinkPad X1,14,Intel Core i7 7500U 2.7GHz,16GB,1.14kg,2450
Asus,ROG GL553VE-FY022,15.6,Intel Core i7 7700HQ 2.8GHz,8GB,2.5kg,1169
Acer,Extensa EX2540,15.6,Intel Core i3 6006U 2GHz,4GB,2.4kg,450
Lenovo,IdeaPad 100S-14IBR,14,Intel Celeron Dual Core N3060 1.6GHz,4GB,1.43kg,274
Acer,Swift 3,14,Intel Core i5 7200U 2.5GHz,8GB,1.8kg,919
Razer,Blade Pro,14,Intel Core i7 7700HQ 2.8GHz,16GB,1.95kg,2599
Toshiba,Portege Z30-C-16J,13.3,Intel Core i5 6200U 2.3GHz,8GB,1.2kg,1213
Lenovo,Thinkpad X270,12.5,Intel Core i7 7500U 2.7GHz,8GB,1.36kg,1584
Asus,ROG G701VI,17.3,Intel Core i7 6820HK 2.7GHz,32GB,3.8kg,2799
Acer,A715-71G-59DH (i5-7300HQ/8GB/1TB/GeForce,15.6,Intel Core i5 7300HQ 2.5GHz,8GB,2.4kg,709
Dell,XPS 13,13.3,Intel Core i5 8250U 1.6GHz,8GB,1.2kg,1449.9
MSI,GL62M 7REX,15.6,Intel Core i7 7700HQ 2.8GHz,8GB,2.2kg,1191.8
HP,250 G6,15.6,Intel Core i3 6006U 2GHz,4GB,1.86kg,364.9
Toshiba,Tecra A50-D-11M,15.6,Intel Core i5 7200U 2.5GHz,8GB,2.0kg,1064
Dell,Inspiron 5570,15.6,Intel Core i7 8550U 1.8GHz,8GB,2.2kg,919
Dell,Inspiron 5570,15.6,Intel Core i7 8550U 1.8GHz,16GB,2.2kg,1135
Lenovo,IdeaPad Y700-15ISK,15.6,Intel Core i7 6700HQ 2.6GHz,8GB,3.31kg,1196
Dell,Alienware 17,17.3,Intel Core i7 7700HQ 2.8GHz,32GB,4.42kg,3147.37
Dell,Latitude E7470,14,Intel Core i5 6300U 2.4GHz,8GB,1.56kg,1229
Lenovo,Ideapad 320-15IAP,15.6,Intel Celeron Dual Core N3350 1.1GHz,4GB,2.2kg,419
Lenovo,IdeaPad 320-15ISK,15.6,Intel Core i5 6200U 2.3GHz,4GB,2.2kg,535
HP,15-ay047nv (i3-6006U/6GB/1TB/Radeon,15.6,Intel Core i3 6006U 2GHz,6GB,2.04kg,539
MSI,GP72VR Leopard,17.3,Intel Core i7 7700HQ 2.8GHz,8GB,2.7kg,1486.77
Toshiba,Satellite Pro,15.6,Intel Core i3 6100U 2.1GHz,4GB,2.1kg,498
Dell,Latitude 3580,15.6,Intel Core i5 7200U 2.5GHz,8GB,2.06kg,955
HP,15-bs012nv (i7-7500U/8GB/1TB/Radeon,15.6,Intel Core i7 7500U 2.7GHz,8GB,2.1kg,745
Toshiba,Tecra Z50-D-10E,15.6,Intel Core i5 7200U 2.5GHz,8GB,2.0kg,1258
Acer,Aspire 3,15.6,Intel Core i3 6006U 2GHz,4GB,2.1kg,412
Microsoft,Surface Laptop,13.5,Intel Core i7 7600U 2.8GHz,8GB,1.252kg,1867.85
Lenovo,V310-15ISK (i5-7200U/8GB/1TB,15.6,Intel Core i5 7200U 2.5GHz,8GB,1.90kg,817.95
Lenovo,Yoga 720-13IKB,13.3,Intel Core i5 7200U 2.5GHz,8GB,1.3kg,1034
Lenovo,IdeaPad 320-15AST,15.6,AMD E-Series E2-9000 2.2GHz,4GB,2.2kg,349
HP,Pavilion X360,14,Intel Core i3 7100U 2.4GHz,4GB,1.63kg,699
MSI,GP62 7RDX,15.6,Intel Core i7 7700HQ 2.8GHz,16GB,2.4kg,1294
Asus,Zenbook 3,14,Intel Core i5 7200U 2.5GHz,8GB,1.1kg,1135
HP,Chromebook X360,11.6,Intel Celeron Dual Core N3350 1.1GHz,8GB,1.4kg,495
LG,Gram 15Z975,15.6,Intel Core i7 8550U 1.8GHz,8GB,1.09kg,2299
Acer,Aspire VX5-591G,15.6,Intel Core i5 7300HQ 2.5GHz,16GB,2.5kg,1299
MSI,GV62M 7RD,15.6,Intel Core i5 7300HQ 2.5GHz,8GB,2.2kg,997.9
Asus,L502NA-GO052T (N3350/4GB/128GB/W10),15.6,Intel Celeron Dual Core N3350 1.1GHz,4GB,1.86kg,419
Dell,Alienware 15,15.6,Intel Core i5 7300HQ 2.5GHz,16GB,3.21kg,2051
HP,17-bs000nv I3,17.3,Intel Core i3 6006U 2GHz,4GB,2.5kg,699
Lenovo,Yoga 730,13.3,Intel Core i7 8550U 1.8GHz,8GB,1.19kg,1499
Dell,Alienware 15,15.6,Intel Core i7 7820HK 2.9GHz,16GB,3.49kg,2813.75
HP,250 G6,15.6,Intel Core i5 7200U 2.5GHz,4GB,1.86kg,612.61
Dell,Inspiron 3567,15.6,Intel Core i3 6006U 2GHz,4GB,2.2kg,545.67
HP,17-Y002nv (A10-9600P/6GB/2TB/Radeon,17.3,AMD A10-Series 9600P 2.4GHz,6GB,2.65kg,569
Lenovo,V110-15ISK (3855U/4GB/500GB/W10),15.6,Intel Celeron Dual Core 3855U 1.6GHz,4GB,2.1kg,318
Acer,Chromebook 14,14,Intel Celeron Dual Core 3855U 1.6GHz,4GB,1.45kg,375
Lenovo,IdeaPad 520s-14IKB,14,Intel Core i5 7200U 2.5GHz,4GB,1.7kg,699
HP,ZBook 17,17.3,Intel Core i7 7700HQ 2.8GHz,8GB,3.14kg,1907.99
Lenovo,ThinkPad X1,14,Intel Core i7 7500U 2.7GHz,8GB,1.42kg,2590
Toshiba,Satellite Pro,13.3,Intel Core i5 7200U 2.5GHz,8GB,1.5kg,973
Acer,TravelMate B117-M,11.6,Intel Celeron Dual Core N3050 1.6GHz,4GB,1.4kg,269
Lenovo,Yoga 910-13IKB,14,Intel Core i7 7500U 2.7GHz,16GB,1.38kg,1749
Asus,Chromebook Flip,12.5,Intel Core M M3-6Y30 0.9GHz,4GB,1.2kg,669
Toshiba,Portege Z30T-C-133,13.3,Intel Core i7 6500U 2.5GHz,16GB,1.36kg,1877
HP,15-bs011nv (i7-7500U/4GB/500GB/Radeon,15.6,Intel Core i7 7500U 2.7GHz,4GB,2.1kg,689
Dell,Inspiron 5577,15.6,Intel Core i5 7300HQ 2.5GHz,8GB,2.56kg,819
Lenovo,IdeaPad 320-15AST,15.6,AMD A9-Series 9420 2.9GHz,4GB,2.2kg,399
Lenovo,IdeaPad 320-15ABR,15.6,AMD A12-Series 9720P 3.6GHz,8GB,2.2kg,429
Lenovo,V310-15IKB (i5-7200U/4GB/1TB/FHD/W10),15.6,Intel Core i5 7200U 2.5GHz,4GB,2.1kg,621.45
Lenovo,V310-15ISK (i3-6006U/4GB/500GB/No,15.6,Intel Core i3 6006U 2GHz,4GB,1.90kg,450
Dell,Vostro 5568,15.6,Intel Core i5 7200U 2.5GHz,8GB,2.18kg,795
Acer,Spin 5,13.3,Intel Core i5 8250U 1.6GHz,8GB,1.6kg,999
Lenovo,ThinkPad P51s,15.6,Intel Core i7 6500U 2.5GHz,16GB,2.18kg,1855
Lenovo,Thinkpad T460p,14,Intel Core i5 6300HQ 2.3GHz,8GB,1.8kg,1191
HP,17-ak002nv (A10-9620P/6GB/2TB/Radeon,17.3,AMD A10-Series 9620P 2.5GHz,6GB,2.71kg,655.01
Lenovo,Legion Y520-15IKBN,15.6,Intel Core i7 7700HQ 2.8GHz,8GB,2.5kg,1249
Dell,Latitude 5480,14,Intel Core i5 7440HQ 2.8GHz,8GB,1.64kg,1089
Dell,Vostro 5568,15.6,Intel Core i5 7200U 2.5GHz,8GB,1.98kg,726
Asus,VivoBook E403NA,14,Intel Celeron Dual Core N3350 1.1GHz,4GB,1.5kg,298
Dell,Latitude 5580,15.6,Intel Core i5 7300U 2.6GHz,16GB,1.93kg,1426.66
Lenovo,Thinkpad E470,14,Intel Core i5 7200U 2.5GHz,8GB,1.87kg,857.07
Dell,Latitude 5580,15.6,Intel Core i5 7300U 2.6GHz,8GB,1.9kg,1179
Lenovo,110-15ACL (A6-7310/4GB/500GB/W10),15.6,AMD A6-Series 7310 2GHz,4GB,2.19kg,298
Mediacom,Smartbook 142,14,Intel Atom Z8350 1.92GHz,4GB,1.4kg,265
HP,ProBook 470,17.3,Intel Core i7 7500U 2.7GHz,8GB,2.63kg,1200
Lenovo,ThinkPad X1,14,Intel Core i7 6500U 2.5GHz,8GB,1.17kg,1686.64
HP,Pavilion X360,13.3,Intel Core i5 7200U 2.5GHz,8GB,1.58kg,836.6
Lenovo,ThinkPad T470s,14,Intel Core i5 7200U 2.5GHz,8GB,1.32kg,1499
Dell,Alienware 17,17.3,Intel Core i7 7700HQ 2.8GHz,32GB,4.36kg,3659.4
MSI,GL72M 7REX,17.3,Intel Core i7 7700HQ 2.8GHz,8GB,2.7kg,1348.48
Lenovo,V310-15IKB (i5-7200U/4GB/1TB/No,15.6,Intel Core i5 7200U 2.5GHz,4GB,1.9kg,489.9
Dell,Inspiron 5570,15.6,Intel Core i5 8250U 1.6GHz,8GB,2.2kg,719
Dell,Inspiron 5378,13.3,Intel Core i3 7100U 2.4GHz,4GB,1.71kg,649
Dell,Inspiron 5567,15.6,Intel Core i5 7200U 2.5GHz,8GB,2.32kg,589.52
HP,15-BW037na (A9-9420/4GB/1TB/Radeon,15.6,AMD A9-Series 9420 3GHz,4GB,2.1kg,489
Acer,Predator 17,17.3,Intel Core i7 6700HQ 2.6GHz,16GB,4.2kg,1935
Dell,Inspiron 3567,15.6,Intel Core i5 7200U 2.5GHz,12GB,2.25kg,649
HP,15-BW091ND (A9-9420/6GB/1TB,15.6,AMD A9-Series A9-9420 3GHz,6GB,2.1kg,650
Acer,Extensa EX2540-58KR,15.6,Intel Core i5 7200U 2.5GHz,4GB,2.4kg,559
Lenovo,ThinkPad 13,13.3,Intel Core i5 7200U 2.5GHz,8GB,1.44kg,960
Lenovo,V310-15IKB (i7-7500U/4GB/1TB/FHD/W10),15.6,Intel Core i7 7500U 2.7GHz,4GB,1.85kg,779
HP,ZBook 15,15.6,Intel Core i7 7700HQ 2.8GHz,16GB,2.6kg,2419
Dell,Inspiron 5379,13.3,Intel Core i5 8250U 1.6GHz,8GB,1.55kg,659
MSI,GS63VR 7RF,15.6,Intel Core i7 7700HQ 2.8GHz,16GB,1.8kg,2094.48
Acer,Aspire ES1-572,15.6,Intel Core i3 6006U 2GHz,4GB,2.4kg,410.8
Dell,Inspiron 7560,15.6,Intel Core i7 7500U 2.7GHz,8GB,2.0kg,1207
Dell,Vostro 3568,15.6,Intel Core i3 6006U 2GHz,8GB,2kg,665
Toshiba,Tecra X40-D-10G,14,Intel Core i5 7200U 2.5GHz,8GB,1.25kg,1535
Lenovo,Flex 5,14,Intel Core i5 7200U 2.5GHz,8GB,1.7kg,999
Lenovo,Thinkpad P51s,15.6,Intel Core i7 7600U 2.8GHz,16GB,2.5kg,3299
Acer,Chromebook 14,14,Intel Celeron Dual Core N3060 1.6GHz,2GB,1.68kg,330
Samsung,Notebook 9,13.3,Intel Core i7 7500U 2.7GHz,16GB,0.81kg,1649
HP,250 G6,15.6,Intel Core i3 6006U 2GHz,8GB,1.86kg,539
Dell,Latitude 5480,14,Intel Core i5 7200U 2.5GHz,8GB,1.6kg,1126.71
HP,Zbook 17,17.3,Intel Xeon E3-1535M v5 2.9GHz,16GB,3kg,4389
Lenovo,N23 (N3060/4GB/128GB/W10),11.6,Intel Celeron Dual Core N3060 1.6GHz,4GB,1.4kg,475
HP,EliteBook 850,15.6,Intel Core i5 6300U 2.4GHz,8GB,1.84kg,1900
Asus,X550VX-XX015D (i5-6300HQ/4GB/1TB/GeForce,15.6,Intel Core i5 6300HQ 2.3GHz,4GB,2.45kg,579
Lenovo,Thinkpad T460,14,Intel Core i5 6200U 2.3GHz,4GB,1.7kg,1096
Asus,Pro P2540UA-XO0192R,15.6,Intel Core i7 7500U 2.7GHz,4GB,2.37kg,849.9
Lenovo,Yoga 900-13ISK,13.3,Intel Core i5 6260U 1.8GHz,8GB,1.3kg,1199
HP,15-cb003na (i5-7300HQ/8GB/1TB,15.6,Intel Core i5 7300HQ 2.5GHz,8GB,2.2kg,1099
HP,ZBook 15,15.6,Intel Core i7 6700HQ 2.6GHz,8GB,2.59kg,1561
Dell,Alienware 17,15.6,Intel Core i7 7700HQ 2.8GHz,16GB,4.42kg,2868.99
Acer,Aspire 3,15.6,Intel Core i5 7200U 2.5GHz,4GB,2.1kg,599
Lenovo,Legion Y520-15IKBN,15.6,Intel Core i7 7700HQ 2.8GHz,8GB,2.5kg,1048
Dell,Latitude 7280,12.5,Intel Core i7 7600U 2.8GHz,16GB,1.18kg,1859
Google,Pixelbook (Core,12.3,Intel Core i5 7Y57 1.2GHz,8GB,1.1kg,1559
Asus,Zenbook UX330UA-AH5Q,13.3,Intel Core i5 7200U 2.5GHz,8GB,1.2kg,1129
Dell,Latitude 3380,13.3,Intel Core i3 6006U 2GHz,4GB,1.65kg,849
Acer,TravelMate P238-M,13.3,Intel Core i5 6200U 2.3GHz,4GB,1.6kg,655
Asus,X751NV-TY001 (N4200/4GB/1TB/GeForce,17.3,Intel Pentium Quad Core N4200 1.1GHz,4GB,2.8kg,470.34
Dell,Inspiron 7559,15.6,Intel Core i7 6700HQ 2.6GHz,16GB,2.72kg,1099
Samsung,Notebook 9,13.3,Intel Core i7 7500U 2.7GHz,8GB,1.31kg,1599
Acer,Aspire A315-31,15.6,Intel Pentium Quad Core N4200 1.1GHz,4GB,2.1kg,298
Dell,Inspiron 5567,15.6,Intel Core i7 7500U 2.7GHz,16GB,2.3kg,1181.27
Samsung,Notebook 9,15,Intel Core i7 7500U 2.7GHz,16GB,1.71kg,1799
Toshiba,Tecra A40-C-1E5,14,Intel Core i5 6200U 2.3GHz,4GB,1.75kg,1020
Dell,Inspiron 7567,15.6,Intel Core i7 7700HQ 2.8GHz,8GB,2.62kg,1099
HP,EliteBook 820,12.5,Intel Core i5 6200U 2.3GHz,4GB,1.26kg,1244
Asus,Q524UQ-BHI7T15 (i7-7500U/12GB/2TB/GeForce,15.6,Intel Core i7 7500U 2.7GHz,12GB,2.3kg,839
Lenovo,Thinkpad P50,15.6,Intel Core i7 6820HQ 2.7GHz,16GB,2.5kg,2370
Acer,Swift 3,14,Intel Core i3 7100U 2.4GHz,4GB,1.8kg,636
Razer,Blade Pro,14,Intel Core i7 7700HQ 2.8GHz,16GB,1.95kg,2899
Asus,Vivobook Max,15.6,Intel Pentium Dual Core N4200 1.1GHz,8GB,2kg,581.9
Dell,Alienware 17,17.3,Intel Core i7 7700HQ 2.8GHz,32GB,4.42kg,3588.8
Asus,Rog G752VS-BA171T,17.3,Intel Core i7 6700HQ 2.6GHz,16GB,4.3kg,2350
Toshiba,Tecra Z40-C-161,14,Intel Core i7 6600U 2.6GHz,16GB,1.47kg,1764
Lenovo,IdeaPad 110-15IBR,15.6,Intel Celeron Quad Core N3710 1.6GHz,8GB,2.2kg,329
Lenovo,ThinkPad T470s,14,Intel Core i7 7500U 2.7GHz,16GB,1.7kg,2299
MSI,GS43VR 7RE,14,Intel Core i7 7700HQ 2.8GHz,16GB,1.6kg,1891
MSI,GL62M (i5-7300HQ/8GB/1TB,15.6,Intel Core i5 7300HQ 2.5GHz,8GB,2.2kg,1089
Lenovo,Legion Y520-15IKBN,15.6,Intel Core i7 7700HQ 2.8GHz,4GB,2.4kg,999
Acer,Predator G9-793,17.3,Intel Core i7 7700HQ 2.8GHz,16GB,4.2kg,2299
Dell,Inspiron 7567,15.6,Intel Core i5 7300HQ 2.5GHz,8GB,2.62kg,985
Asus,FX502VM-DM560T (i7-7700HQ/8GB/1TB,15.6,Intel Core i7 7700HQ 2.8GHz,8GB,2.24kg,1339
Vero,K146 (N3350/4GB/32GB/W10),14,Intel Celeron Dual Core N3350 1.1GHz,4GB,1.22kg,202.9
Lenovo,ThinkPad Yoga,13.3,Intel Core i7 7500U 2.7GHz,8GB,1.37kg,1970
Lenovo,Yoga 510-15IKB,15.6,Intel Core i5 7200U 2.5GHz,8GB,2.08kg,959
Apple,"MacBook 12""",12,Intel Core M 1.2GHz,8GB,0.920kg,1165
Lenovo,ThinkPad X1,14,Intel Core i5 7200U 2.5GHz,8GB,1.42kg,2330
Asus,R417NA-RS01 (N3350/4GB/32GB/W10),14,Intel Celeron Dual Core N3350 1.1GHz,4GB,1.63kg,299
Dell,Latitude 3580,15.6,Intel Core i5 7200U 2.5GHz,8GB,1.95kg,810
Lenovo,Yoga 910-13IKB,13.9,Intel Core i7 7500U 2.7GHz,8GB,1.38kg,1349
Dell,Vostro 5568,15.6,Intel Core i3 6006U 2GHz,8GB,2kg,739
HP,ZBook 17,15.6,Intel Core i7 7700HQ 2.8GHz,8GB,3.14kg,2064.9
Asus,Pro P2540UA-XS51,15.6,Intel Core i5 7200U 2.5GHz,8GB,2.37kg,1099
Dell,XPS 13,13.3,Intel Core i5 7200U 2.5GHz,8GB,1.29kg,1499
Dell,XPS 15,15.6,Intel Core i5 7300HQ 2.5GHz,8GB,2.06kg,1749
Dell,Latitude 3180,11.6,Intel Pentium Quad Core N4200 1.1GHz,4GB,1.63kg,744
HP,EliteBook 820,12.5,Intel Core i5 7300U 2.6GHz,8GB,1.26kg,1389
Toshiba,Satellite Pro,15.6,Intel Core i5 6200U 2.3GHz,4GB,2.1kg,780
HP,15-ba043na (A12-9700P/8GB/2TB/W10),15.6,AMD A12-Series 9700P 2.5GHz,8GB,2.04kg,629
Dell,Inspiron 7567,15.6,Intel Core i7 7700HQ 2.8GHz,16GB,2.62kg,1679
Lenovo,IdeaPad 310-15IKB,15.6,Intel Core i5 7200U 2.5GHz,4GB,2.4kg,609
HP,Omen 17-an012dx,17.3,Intel Core i7 7700HQ 2.8GHz,12GB,3.74kg,1749
MSI,GE72MVR 7RG,17.3,Intel Core i7 7700HQ 2.8GHz,16GB,2.9kg,2415
Samsung,Notebook 9,13.3,Intel Core i5 7200U 2.5GHz,8GB,0.81kg,1499
Dell,Vostro 5568,15.6,Intel Core i7 7500U 2.7GHz,8GB,1.98kg,961
Dell,Vostro 3568,15.6,Intel Core i5 7200U 2.5GHz,8GB,2.18kg,789.81
Lenovo,Thinkpad T470s,14,Intel Core i7 7500U 2.7GHz,8GB,1.32kg,1859
Razer,Blade Stealth,12.5,Intel Core i7 7500U 2.5GHz,16GB,1.29kg,1799
HP,Chromebook 11,11.6,Intel Celeron Dual Core N3060 1.6GHz,4GB,1.23kg,385
Dell,Alienware 17,17.3,Intel Core i7 7700HQ 2.8GHz,16GB,4.36kg,2505.02
Dell,Latitude 3480,14,Intel Core i5 6200U 2.3GHz,4GB,1.76kg,755
Lenovo,V110-15ISK (i3-6006U/4GB/500GB/W10),15.6,Intel Core i3 6006U 2GHz,4GB,2.1kg,489.9
Toshiba,Tecra X40-D-10Z,14,Intel Core i5 7200U 2.5GHz,4GB,1.25kg,1090
Lenovo,Thinkpad X1,14,Intel Core i7 7500U 2.7GHz,8GB,1.13kg,2499
MSI,GL62M 7RD,15.6,Intel Core i5 7300HQ 2.5GHz,8GB,2.4kg,1199
Lenovo,ThinkPad X1,14,Intel Core i5 7200U 2.5GHz,8GB,1.13kg,1875
Toshiba,Satellite Pro,14,Intel Pentium Dual Core 4405U 2.1GHz,4GB,1.75kg,499
Asus,ZenBook Flip,13.3,Intel Core i5 7200U 2.5GHz,8GB,1.1kg,1358
Dell,Latitude 3480,14,Intel Core i3 6006U 2GHz,4GB,1.76kg,585
Acer,Chromebook 11,11.6,Intel Celeron Dual Core N3060 1.6GHz,4GB,1.35kg,355
Acer,Swift 3,14,Intel Core i3 7100U 2.4GHz,8GB,1.5kg,619
Razer,Blade Pro,17.3,Intel Core i7 7820HK 2.9GHz,32GB,3.49kg,5499
Lenovo,Thinkpad X1,14,Intel Core i7 6600U 2.6GHz,16GB,1.1kg,2099
Asus,VivoBook Max,15.6,Intel Core i5 7200U 2.5GHz,4GB,2.1kg,519
Lenovo,Thinkpad T460,14,Intel Core i5 6200U 2.3GHz,8GB,1.7kg,1186
Lenovo,ThinkPad T470s,14,Intel Core i5 7300U 2.6GHz,8GB,1.32kg,1650
Dell,Alienware 15,15.6,Intel Core i7 7700HQ 2.8GHz,16GB,3.21kg,2774.63
Asus,Rog GL702VS-BA023T,17.3,Intel Core i7 7700HQ 2.8GHz,16GB,2.9kg,2419
Toshiba,Satellite Pro,15.6,Intel Core i3 7100U 2.4GHz,4GB,2.0kg,669
Lenovo,N42-20 Chromebook,14,Intel Celeron Quad Core N3160 1.6GHz,4GB,1.5kg,325
Asus,R558UA-DM966T (i5-7200U/8GB/128GB/FHD/W10),15.6,Intel Core i5 7200U 2.5GHz,8GB,2.3kg,590
Asus,Rog GL702VM-GC017T,17.3,Intel Core i7 6700HQ 2.6GHz,16GB,2.73kg,1799
Dell,Alienware 17,17.3,Intel Core i7 7700HQ 2.8GHz,32GB,4.42kg,3072.89
HP,ProBook 470,17.3,Intel Core i5 7200U 2.5GHz,8GB,2.63kg,910
Dell,Vostro 3568,15.6,Intel Core i5 7200U 2.5GHz,8GB,2.18kg,713.99
HP,EliteBook 840,14,Intel Core i7 6500U 2.5GHz,8GB,1.54kg,1870
Dell,Vostro 3568,15.6,Intel Core i7 7500U 2.7GHz,4GB,2.18kg,739
HP,Chromebook X360,11.6,Intel Celeron Dual Core N3350 1.1GHz,4GB,1.4kg,615
Asus,ZenBook UX310UQ-GL026T,13.3,Intel Core i5 6200U 2.3GHz,8GB,1.45kg,1026
HP,EliteBook x360,13.3,Intel Core i5 7200U 2.5GHz,8GB,1.28kg,2277
HP,EliteBook 840,14,Intel Core i7 6500U 2.5GHz,8GB,1.54kg,1468
HP,250 G6,15.6,Intel Celeron Dual Core N3060 1.6GHz,4GB,1.86kg,299
Asus,Rog GL502VM-DS74,15.6,Intel Core i7 7700HQ 2.8GHz,16GB,2.1kg,1899
Dell,Inspiron 5767,17.3,Intel Core i7 7500U 2.7GHz,8GB,2.83kg,865
Lenovo,ThinkPad T470p,14,Intel Core i7 7700HQ 2.8GHz,8GB,1.96kg,1903
Asus,K556UR-DM621T (i7-7500U/8GB/256GB/GeForce,15.6,Intel Core i7 7500U 2.7GHz,8GB,2.3kg,787
Dell,Latitude 5580,15.6,Intel Core i5 7200U 2.5GHz,8GB,1.9kg,945
Asus,X541NA (N4200/4GB/1TB/W10),15.6,Intel Pentium Quad Core N4200 1.1GHz,4GB,2kg,449
HP,EliteBook x360,13.3,Intel Core i7 7600U 2.8GHz,8GB,1.28kg,2559
Dell,Inspiron 5368,13.3,Intel Core i5 6200U 2.3GHz,8GB,1.62kg,649
Lenovo,IdeaPad 110-15ISK,15.6,Intel Core i3 6006U 2.0GHz,4GB,2.2kg,469
Lenovo,ThinkPad E570,15.6,Intel Core i5 7200U 2.5GHz,8GB,2.3kg,850.66
HP,EliteBook 850,15.6,Intel Core i5 7300U 2.6GHz,8GB,1.84kg,1349
Toshiba,Portege X30-D-10X,13.3,Intel Core i5 7200U 2.5GHz,4GB,1.05kg,1285
Lenovo,Legion Y520-15IKBN,15.6,Intel Core i5 7300HQ 2.5GHz,8GB,2.5kg,1017
Dell,XPS 13,13.3,Intel Core i7 7660U 2.5GHz,16GB,1.29kg,2240
HP,Probook 450,15.6,Intel Core i5 6200U 2.3GHz,4GB,2.07kg,910
Toshiba,Portg Z30-C-188,13.3,Intel Core i5 6200U 2.3GHz,8GB,1.2kg,1095
Lenovo,ThinkPad Yoga,13.3,Intel Core i7 7500U 2.7GHz,8GB,1.37kg,1950
Acer,TMX349-G2-M-50FS (i5-7200U/8GB/256GB/FHD/W10),14,Intel Core i5 7200U 2.5GHz,8GB,1.56kg,902
Dell,Precision 3520,15.6,Intel Core i7 7700HQ 2.8GHz,8GB,2.23kg,1778
Lenovo,ThinkPad L570,15.6,Intel Core i5 7200U 2.5GHz,4GB,2.38kg,1055
Lenovo,IdeaPad 110-15ISK,15.6,Intel Core i3 6006U 2GHz,4GB,2.2kg,479
Toshiba,Tecra A50-D-11D,15.6,Intel Core i7 7500U 2.7GHz,8GB,2.0kg,1388
Lenovo,Thinkpad 13,13.3,Intel Core i3 7100U 2.4GHz,4GB,1.44kg,735
Samsung,Notebook 9,15,Intel Core i7 7500U 2.7GHz,16GB,1.23kg,1849
Dell,Latitude 7280,12.5,Intel Core i7 7600U 2.8GHz,8GB,1.6kg,1690
Asus,X541NA-GO121 (N4200/4GB/1TB/Linux),15.6,Intel Pentium Quad Core N4200 1.1GHz,4GB,2kg,398.99
Xiaomi,Mi Notebook,13.3,Intel Core i5 6200U 2.3GHz,8GB,1.28kg,935
Dell,Vostro 5568,15.6,Intel Core i5 7200U 2.5GHz,4GB,2.18kg,912.5
HP,ProBook 450,15.6,Intel Core i5 7200U 2.5GHz,4GB,2.04kg,839
HP,EliteBook x360,13.3,Intel Core i5 7200U 2.5GHz,4GB,1.28kg,1700
HP,Pavilion x360,15.6,Intel Core i5 7200U 2.5GHz,4GB,2.3kg,684.8
Asus,VivoBook L402NA,14.1,Intel Celeron Dual Core N3350 1.1GHz,4GB,1.65kg,348
Lenovo,IdeaPad 510-15ISK,15.6,Intel Core i7 6500U 2.5GHz,8GB,2.2kg,669
Dell,Inspiron 3552,15.6,Intel Pentium Quad Core N3710 1.6GHz,4GB,2.2kg,369
HP,EliteBook x360,13.3,Intel Core i5 7200U 2.5GHz,4GB,1.28kg,1799
Dell,Vostro 3568,15.6,Intel Core i3 6006U 2.0GHz,4GB,2.18kg,455.7
Asus,Rog GL753VD-GC082T,17.3,Intel Core i5 7300HQ 2.5GHz,12GB,2.2kg,1369.9
Acer,Chromebook C731-C78G,11.6,Intel Celeron Dual Core N3060 1.6GHz,4GB,1.25kg,297
Lenovo,IdeaPad 110-17ACL,17.3,AMD A4-Series 7210 2.2GHz,4GB,2.8kg,379
HP,Probook 640,14,Intel Core i5 7200U 2.5GHz,4GB,1.95kg,1265
HP,Envy x360,13.3,Intel Core i7 7500U 2.7GHz,16GB,1.42kg,1399
Samsung,Notebook 9,15,Intel Core i7 7500U 2.7GHz,8GB,1.17kg,1699
Lenovo,ThinkPad T470s,14,Intel Core i5 7200U 2.5GHz,8GB,1.32kg,1799
MSI,GS73VR Stealth,17.3,Intel Core i7 6700HQ 2.6GHz,16GB,2.43kg,2649
Toshiba,Portege X30-D-10V,13.3,Intel Core i5 7200U 2.5GHz,8GB,1.05kg,1475
Dell,Inspiron 7567,15.6,Intel Core i7 7700HQ 2.8GHz,8GB,2.62kg,929
HP,ProBook 450,15.6,Intel Core i7 7500U 2.7GHz,8GB,2.04kg,900
Dell,Vostro 3568,15.6,Intel Core i3 6006U 2.0GHz,4GB,2.18kg,614
Dell,Latitude 5580,15.6,Intel Core i5 7300U 2.6GHz,8GB,1.9kg,935
Dell,XPS 13,13.3,Intel Core i7 7Y75 1.3GHz,8GB,1.24kg,2013.1
Asus,G701VO-IH74K (i7-6820HK/32GB/2x,17.3,Intel Core i7 6820HK 2.7GHz,32GB,3.58kg,1279
Dell,XPS 13,13.3,Intel Core i7 7Y75 1.3GHz,16GB,1.22kg,1649
Lenovo,ThinkPad X1,14,Intel Core i7 7500U 2.7GHz,8GB,1.13kg,2049
Lenovo,ThinkPad T570,15.6,Intel Core i5 7200U 2.5GHz,8GB,1.95kg,1962.99
LG,Gram 15Z970,15.6,Intel Core i7 7500U 2.7GHz,16GB,1.08kg,2099
HP,Elitebook 820,12.5,Intel Core i7 7500U 2.7GHz,8GB,1.26kg,1483
Acer,Chromebook CB5-571-C1DZ,15.6,Intel Celeron Dual Core 3205U 1.5GHz,4GB,2.20kg,359
Lenovo,IdeaPad Y700-15ISK,15.6,Intel Core i5 6300HQ 2.3GHz,8GB,2.6kg,789
LG,Gram 14Z970,14,Intel Core i7 7500U 2.7GHz,8GB,0.98kg,1899
Dell,Latitude 5480,14,Intel Core i5 7440HQ 2.8GHz,8GB,1.6kg,1205
HP,Elitebook Folio,12.5,Intel Core M 6Y75 1.2GHz,8GB,1.09kg,3100
Lenovo,IdeaPad 510-15IKB,15.6,Intel Core i7 7500U 2.7GHz,6GB,2.2kg,789
HP,ProBook 450,15.6,Intel Core i7 7500U 2.7GHz,8GB,2.04kg,1018.99
Acer,Aspire E5-575,15.6,Intel Core i3 7100U 2.4GHz,4GB,2.4kg,499
Lenovo,ThinkPad 13,13.3,Intel Core i5 7200U 2.5GHz,4GB,1.44kg,881
HP,Probook 430,13.3,Intel Core i5 7200U 2.5GHz,8GB,1.49kg,960
MSI,GE72VR 6RF,17.3,Intel Core i7 7700HQ 2.8GHz,16GB,2.7kg,1599
Dell,Inspiron 7567,15.6,Intel Core i7 7700HQ 2.8GHz,16GB,2.6kg,1349
MSI,GL62M 7RD,15.6,Intel Core i5 7300HQ 2.5GHz,8GB,2.2kg,1119.91
Dell,Vostro 3568,15.6,Intel Core i5 7200U 2.5GHz,4GB,2.18kg,684.99
HP,EliteBook 850,15.6,Intel Core i7 6500U 2.5GHz,8GB,1.84kg,1296.99
HP,Envy 13-AB077cl,13.3,Intel Core i7 7500U 2.7GHz,8GB,1.39kg,1149
Toshiba,Tecra Z50-C-140,15.6,Intel Core i7 6600U 2.6GHz,16GB,2.4kg,1975
Lenovo,ThinkPad Yoga,13.3,Intel Core i5 7200U 2.5GHz,8GB,1.37kg,1825
Dell,Latitude 3580,15.6,Intel Core i5 6200U 2.3GHz,4GB,1.95kg,729.9
Lenovo,Thinkpad X270,12.5,Intel Core i7 7500U 2.7GHz,8GB,1.36kg,1650
HP,Probook 650,15.6,Intel Core i5 6200U 2.3GHz,8GB,2.31kg,1165
Dell,Vostro 3568,15.6,Intel Core i5 7200U 2.5GHz,4GB,2.18kg,708.06
HP,ProBook 640,14,Intel Core i5 6200U 2.3GHz,4GB,1.95kg,1149
Lenovo,IdeaPad 320-15IAP,15.6,Intel Pentium Quad Core N4200 1.1GHz,4GB,2.2kg,309
HP,EliteBook 820,12.5,Intel Core i5 6200U 2.3GHz,4GB,1.26kg,1579
HP,250 G6,15.6,Intel Celeron Dual Core N3060 1.6GHz,4GB,1.86kg,288.9
Lenovo,Yoga 900-13ISK,13.3,Intel Core i7 6560U 2.2GHz,16GB,1.3kg,1799
Toshiba,Tecra Z40-C-12X,14,Intel Core i5 6200U 2.3GHz,4GB,1.47kg,1105
HP,EliteBook 820,12.5,Intel Core i5 6200U 2.3GHz,8GB,1.26kg,1669
Dell,Vostro 3568,15.6,Intel Core i3 6006U 2.0GHz,4GB,2.18kg,558.6
MSI,GP62M Leopard,15.6,Intel Core i7 7700HQ 2.8GHz,8GB,2.2kg,1199
Dell,Latitude 7480,14,Intel Core i5 7200U 2.5GHz,8GB,1.36kg,1639
Dell,Alienware 17,17.3,Intel Core i7 6820HK 2.7GHz,16GB,4.36kg,2758
HP,Omen 17-W006na,17.3,Intel Core i5 6300HQ 2.3GHz,8GB,2.75kg,1399
Asus,X751SV-TY001T (N3710/4GB/1TB/GeForce,17.3,Intel Pentium Quad Core N3710 1.6GHz,4GB,2.8kg,530
Acer,TravelMate P259-G2,15.6,Intel Core i5 7200U 2.5GHz,4GB,2.23kg,619
Toshiba,Tecra A50-C-1ZV,15.6,Intel Core i5 6200U 2.3GHz,8GB,2.2kg,1119
Lenovo,Yoga 700-11ISK,11.3,Intel Core M m7-6Y75 1.2GHz,8GB,1.1kg,1299
Lenovo,IdeaPad Y700-15ACZ,15.6,AMD FX 8800P 2.1GHz,16GB,2.5kg,999
Dell,Latitude 7280,12.5,Intel Core i5 7200U 2.5GHz,8GB,1.36kg,1472.2
Lenovo,IdeaPad 310-15IKB,15.6,Intel Core i7 7500U 2.7GHz,8GB,2.2kg,685
Dell,Insprion 5767,17.3,Intel Core i3 6006U 2.0GHz,4GB,2.36kg,659
Acer,Chromebook 14,14,Intel Celeron Dual Core N3060 1.6GHz,4GB,1.68kg,349
HP,ZBook Studio,15.6,Intel Core i7 6820HQ 2.7GHz,8GB,2.0kg,2249
Dell,Latitude 7480,14,Intel Core i7 7600U 2.8GHz,8GB,1.36kg,1775
Toshiba,Portege Z30-C-1CW,13.3,Intel Core i5 6200U 2.3GHz,8GB,1.2kg,1460
Asus,Chromebook Flip,12.5,Intel Core M M7-6Y75 1.2GHz,8GB,1.2kg,1159
Lenovo,Thinkpad T460,14,Intel Core i7 6600U 2.6GHz,8GB,1.7kg,1488.99
Dell,Alienware 17,17.3,Intel Core i7 7700HQ 2.8GHz,16GB,4.36kg,3154
Dell,XPS 13,13.3,Intel Core i5 7Y54 1.2GHz,8GB,1.24kg,1899
HP,ProBook x360,11.6,Intel Pentium Quad Core N4200 1.1GHz,4GB,1.45kg,775
Dell,XPS 13,13.3,Intel Core i7 6500U 2.5GHz,8GB,1.3kg,1268
Acer,Chromebook C738T-C2EJ,11.6,Intel Celeron Dual Core N3060 1.6GHz,4GB,1.25kg,389
Toshiba,Portege Z30-C-16Z,13.3,Intel Core i5 6300U 2.4GHz,8GB,1.2kg,1535
Lenovo,ThinkPad X270,12.5,Intel Core i5 7300U 2.6GHz,8GB,1.36kg,1760
Acer,Aspire F5-573G-510L,15.6,Intel Core i5 7200U 2.5GHz,12GB,2.4kg,1009
Toshiba,Portege X20W-D-10V,12.5,Intel Core i7 7500U 2.7GHz,8GB,1.1kg,1790
HP,ProBook 450,15.6,Intel Core i5 7200U 2.50GHz,8GB,2.04kg,846.5
Dell,Inspiron 3567,15.6,Intel Core i3 6006U 2.0GHz,4GB,2.25kg,465.62
Dell,Latitude 5580,15.6,Intel Core i5 7200U 2.5GHz,4GB,1.9kg,825
HP,ProBook 450,15.6,Intel Core i3 7100U 2.4GHz,4GB,2.04kg,685
Dell,Alienware 17,17.3,Intel Core i7 7700HQ 2.8GHz,32GB,4.42kg,3149
Lenovo,IdeaPad 310-15IKB,15.6,Intel Core i5 7200U 2.5GHz,6GB,2.4kg,695
Dell,XPS 13,13.3,Intel Core i7 7Y75 1.3GHz,16GB,1.22kg,1899
Dell,Latitude E7470,14,Intel Core i7 6600U 2.6GHz,8GB,1.5kg,1962.98
Dell,Alienware 17,17.3,Intel Core i7 6700HQ 2.6GHz,32GB,4.42kg,2800
Toshiba,Tecra A40-C-1DF,14,Intel Core i5 6200U 2.3GHz,8GB,1.95kg,1180
Asus,Rog Strix,17.3,Intel Core i7 7700HQ 2.8GHz,16GB,2.73kg,2049.9
HP,Probook 450,15.6,Intel Core i5 7200U 2.70GHz,8GB,2.04kg,979
Lenovo,ThinkPad T460,14,Intel Core i5 6200U 2.3GHz,4GB,1.70kg,1002
Asus,Q534UX-BHI7T19 (i7-7500U/16GB/2TB,15.6,Intel Core i7 7500U 2.7GHz,16GB,2.3kg,1799
HP,15-bs053od (i7-7500U/6GB/1TB/W10),15.6,Intel Core i7 7500U 2.7GHz,6GB,2.04kg,579
Asus,Rog GL753VE-DS74,17.3,Intel Core i7 7700HQ 2.8GHz,16GB,2.99kg,1749
Dell,Inspiron 7579,15.6,Intel Core i7 7500U 2.7GHz,12GB,2.19kg,1299
Toshiba,Portege Z30-C-1CV,13.3,Intel Core i5 6200U 2.3GHz,4GB,1.2kg,1195
Lenovo,IdeaPad 320-15ABR,15.6,AMD A12-Series 9720P 3.6GHz,6GB,2.2kg,549
Fujitsu,LifeBook A556,15.6,Intel Core i5 6200U 2.3GHz,4GB,2.3kg,649
Toshiba,Tecra A40-C-1KF,14,Intel Core i5 6200U 2.3GHz,4GB,1.75kg,915
Dell,Inspiron 3567,15.6,Intel Core i5 7200U 2.5GHz,4GB,2.25kg,599
HP,Probook 450,15.6,Intel Core i5 7200U 2.5GHz,8GB,2.04kg,806
Lenovo,Legion Y520-15IKBN,15.6,Intel Core i7 7700HQ 2.8GHz,8GB,2.5kg,1189
Dell,Inspiron 5567,15.6,Intel Core i7 7500U 2.7GHz,8GB,2.36kg,749
Dell,Latitude 5480,14,Intel Core i5 7200U 2.5GHz,8GB,1.6kg,1119
HP,EliteBook Folio,12.5,Intel Core M 6Y75 1.2GHz,8GB,0.97kg,1908
HP,15-bs005nv (i3-6006U/4GB/1TB,15.6,Intel Core i3 6006U 2GHz,4GB,2.1kg,499
Lenovo,V110-15IAP (N3350/4GB/128GB/No,15.6,Intel Celeron Dual Core N3350 1.1GHz,4GB,1.9kg,270.62
Lenovo,ThinkPad T560,15.6,Intel Core i5 6200U 2.3GHz,8GB,2.3kg,1349
Dell,Inspiron 5378,13.3,Intel Core i5 7200U 2.5GHz,8GB,1.68kg,889
Asus,ZenBook UX310UA-FB485T,13.3,Intel Core i5 7200U 2.5GHz,8GB,1.4kg,1150
HP,Spectre 13-V111dx,13.3,Intel Core i7 7500U 2.7GHz,8GB,1.11kg,1349
Acer,Aspire ES1-533,15.6,Intel Pentium Quad Core N4200 1.1GHz,4GB,2.4kg,380
Asus,Rog GL553VE-DS74,15.6,Intel Core i7 7700HQ 2.8GHz,16GB,2.5kg,1799
HP,EliteBook 840,14,Intel Core i7 7500U 2.7GHz,8GB,1.48kg,2089
Acer,Nitro 5,15.6,Intel Core i7 7700HQ 2.8GHz,8GB,2.7kg,1260
HP,ENVY -,13.3,Intel Core i5 7200U 2.5GHz,8GB,1.34kg,1189
Dell,Vostro 3568,15.6,Intel Core i3 7100U 2.4GHz,4GB,2.18kg,547
HP,Probook 440,14,Intel Core i5 7200U 2.5GHz,4GB,1.64kg,779
Toshiba,Portege Z30-C-16H,13.3,Intel Core i5 6200U 2.3GHz,4GB,1.2kg,1195
HP,EliteBook 840,14,Intel Core i5 6300U 2.4GHz,4GB,1.48kg,1099.99
HP,ProBook 640,14,Intel Core i5 7200U 2.5GHz,4GB,1.95kg,1205
HP,EliteBook 1040,14,Intel Core i7 6600U 2.6GHz,8GB,1.43kg,1449
HP,ProBook 440,14,Intel Core i5 7200U 2.5GHz,8GB,1.64kg,1049.26
HP,Probook 440,14,Intel Core i3 7100U 2.4GHz,4GB,1.64kg,684
Dell,Inspiron 7567,15.6,Intel Core i5 7300HQ 2.5GHz,8GB,2.65kg,949
HP,EliteBook 820,12.5,Intel Core i5 7200U 2.5GHz,4GB,1.26kg,1539
HP,Elitebook 840,14,Intel Core i5 7200U 2.5GHz,4GB,1.48kg,1590
HP,EliteBook 840,14,Intel Core i7 6500U 2.5GHz,8GB,1.54kg,1887.21
HP,Probook 430,13.3,Intel Core i3 7100U 2.4GHz,4GB,1.49kg,800
Toshiba,Portege A30-C-1CZ,13.3,Intel Core i5 6200U 2.3GHz,8GB,1.5kg,1210
HP,ProBook 450,15.6,Intel Core i3 7100U 2.4GHz,4GB,2.04kg,769.99
Lenovo,ThinkPad P70,17.3,Intel Core i7 6820HQ 2.7GHz,16GB,2.4kg,2968
Toshiba,Tecra Z40-C-12Z,14,Intel Core i5 6200U 2.3GHz,8GB,1.47kg,1490
HP,EliteBook 1040,14,Intel Core i7 6500U 2.5GHz,8GB,1.43kg,2229
Dell,Inspiron 5568,15.6,Intel Core i3 6100U 2.3GHz,4GB,2.08kg,795.99
Toshiba,Portg Z30-C-16K,13.3,Intel Core i5 6200U 2.3GHz,8GB,1.2kg,1590
HP,Spectre 13-V100nv,13.3,Intel Core i5 7200U 2.5GHz,8GB,1.11kg,1149
HP,ProBook 440,14,Intel Core i7 7500U 2.7GHz,8GB,1.64kg,1185.43
Dell,Latitude E5570,15.6,Intel Core i5 6300U 2.4GHz,8GB,2.09kg,1046.44
HP,Elitebook 820,12.5,Intel Core i5 7200U 2.5GHz,4GB,1.26kg,1559
HP,ProBook 650,14,Intel Core i5 7200U 2.5GHz,4GB,2.31kg,1189
HP,ProBook 640,14,Intel Core i5 7200U 2.5GHz,4GB,1.95kg,1060
Dell,XPS 13,13.3,Intel Core i5 7200U 2.5GHz,8GB,1.29kg,1624
HP,Probook 470,17.3,Intel Core i5 7200U 2.5GHz,8GB,2.63kg,1080
HP,ProBook 440,14,Intel Core i5 7200U 2.5GHz,4GB,1.64kg,973
Acer,Aspire 3,15.6,AMD A9-Series 9420 3GHz,6GB,2.1kg,409
MSI,GL72M 7RDX,17.3,Intel Core i7 7700HQ 2.8GHz,8GB,2.7kg,1191.8
HP,Probook 640,14,Intel Core i5 6200U 2.3GHz,8GB,1.95kg,1195
HP,EliteBook 850,15.6,Intel Core i7 6500U 2.5GHz,8GB,1.84kg,1228.99
HP,EliteBook 820,12.5,Intel Core i7 6500U 2.5GHz,8GB,1.26kg,1349
HP,ProBook 450,15.6,Intel Core i5 7200U 2.5GHz,4GB,2.04kg,742
Toshiba,Tecra Z40-C-136,14,Intel Core i7 6600U 2.6GHz,8GB,1.47kg,1725
Dell,Latitude E5570,15.6,Intel Core i5 6300U 2.4GHz,8GB,2.09kg,1062.95
HP,ProBook 440,14,Intel Core i5 7200U 2.5GHz,8GB,1.64kg,1010.51
Lenovo,Yoga 500-15ISK,15.6,Intel Core i7 6500U 2.5GHz,4GB,1.8kg,847
Vero,V142 (X5-Z8350/2GB/32GB/W10),14,Intel Atom X5-Z8350 1.44GHz,2GB,1.45kg,210.8
Toshiba,Tecra A50-C-218,15.6,Intel Core i7 6500U 2.5GHz,16GB,2.4kg,1425
Lenovo,Thinkpad L560,15.6,Intel Core i5 6200U 2.3GHz,8GB,2.3kg,1049.6
HP,EliteBook 840,14,Intel Core i5 6200U 2.3GHz,4GB,1.54kg,1000
HP,EliteBook 850,15.6,Intel Core i5 6300U 2.4GHz,8GB,1.84kg,2103.34
HP,EliteBook 1040,14,Intel Core i5 6200U 2.3GHz,8GB,1.43kg,1469
MSI,GT72S Dominator,17.3,Intel Core i7 6820HK 2.7GHz,16GB,3.78kg,1545.64
Lenovo,IdeaPad Y900-17ISK,17.3,Intel Core i7 6700HQ 2.6GHz,16GB,4.6kg,2289.99
Asus,Chromebook C202SA,11.6,Intel Celeron Dual Core N3060 1.6GHz,4GB,1.2kg,287.9
Lenovo,ThinkPad X1,14,Intel Core i7 6600U 2.6GHz,16GB,1.1kg,2620
HP,Noteb Pav,15.6,Intel Core i7 7500U 2.7GHz,8GB,1.91kg,979
Dell,Inspiron 5578,15.6,Intel Core i5 7200U 2.7GHz,8GB,2.3kg,1094
HP,ProBook 450,15.6,Intel Core i5 7200U 2.5GHz,4GB,2.04kg,979
Dell,XPS 13,13.3,Intel Core i7 7500U 2.7GHz,16GB,1.2kg,2254
HP,ProBook 650,15.6,Intel Core i3 6100U 2.3GHz,4GB,2.31kg,705.15
HP,250 G5,15.6,Intel Core i5 7200U 2.5GHz,4GB,1.96kg,499
Acer,Aspire ES1-523,15.6,AMD A8-Series 7410 2.2GHz,8GB,2.4kg,449
Dell,Inspiron 7378,13.3,Intel Core i7 7500U 2.7GHz,12GB,1.6kg,1299
MSI,GT62VR 6RD,15.6,Intel Core i7 6700HQ 2.6GHz,16GB,2.94kg,1819
HP,ProBook 450,15.6,Intel Core i7 7500U 2.7GHz,8GB,2.04kg,1070
Asus,Rog G752VL-GC088D,17.3,Intel Core i7 6700HQ 2.6GHz,16GB,4kg,998
Dell,Inspiron 3567,15.6,Intel Core i5 7200U 2.5GHz,4GB,2.25kg,559
Dell,Inspiron 5567,15.6,Intel Core i7 7500U 2.7GHz,16GB,2.32kg,989.99
MSI,GS63VR 6RF,15.6,Intel Core i7 6700HQ 2.6GHz,16GB,1.8kg,1929
Dell,XPS 13,13.3,Intel Core i7 7500U 2.7GHz,8GB,1.29kg,1458
Asus,ROG G701VO,17.3,Intel Core i7 6820HK 2.7GHz,64GB,3.58kg,3975
Dell,Inspiron 5368,13.3,Intel Core i7 6500U 2.5GHz,8GB,1.62kg,798.01
Dell,Alienware 15,15.6,Intel Core i7 6700HQ 2.6GHz,16GB,3.21kg,1329
Apple,"MacBook 12""",12,Intel Core M 1.1GHz,8GB,0.920kg,1300
Dell,Latitude 3570,15.6,Intel Core i3 6100U 2.3GHz,4GB,2.06kg,481.98
HP,ProBook 650,15.6,Intel Core i5 6200U 2.3GHz,4GB,2.31kg,1199
HP,EliteBook 820,12.5,Intel Core i5 6200U 2.3GHz,8GB,1.26kg,1199
HP,ProBook 430,13.3,Intel Core i7 7500U 2.7GHz,8GB,1.49kg,1090
Lenovo,ThinkPad Yoga,12.5,Intel Core i7 6500U 2.5GHz,8GB,1.3kg,1713.49
Lenovo,IdeaPad 300-17ISK,17.3,Intel Core i5 6200U 2.3GHz,8GB,3.0kg,659
Lenovo,Ideapad 700-15ISK,15.6,Intel Core i5 6300HQ 2.3GHz,4GB,2.3kg,977
MSI,GT72VR Dominator,17.3,Intel Core i7 7700HQ 2.8GHz,16GB,3.78kg,2499
Lenovo,V110-15ISK (i5-6200U/4GB/500GB/W10),15.6,Intel Core i5 6200U 2.3GHz,4GB,2.1kg,540
HP,Probook 650,15.6,Intel Core i5 6200U 2.3GHz,4GB,2.31kg,940
Lenovo,Yoga 900S-12ISK,12.5,Intel Core M 6Y75 1.2GHz,8GB,0.99kg,1399
Lenovo,IdeaPad Y900-17ISK,17.3,Intel Core i7 6820HK 2.7GHz,32GB,4.6kg,3240
Lenovo,Yoga Book,10.1,Intel Atom x5-Z8550 1.44GHz,4GB,0.69kg,646.27
HP,Spectre x360,13.3,Intel Core i7 7500U 2.7GHz,16GB,1.3kg,2049
Dell,Vostro 3568,15.6,Intel Core i5 7200U 2.5GHz,8GB,2.18kg,750
HP,EliteBook 840,14,Intel Core i5 6200U 2.3GHz,4GB,1.54kg,1030.99
HP,ZBook 15u,15.6,Intel Core i7 6500U 2.5GHz,8GB,1.9kg,1495
Lenovo,ThinkPad T460,14,Intel Core i5 6200U 2.3GHz,8GB,1.7kg,1199
HP,Chromebook 13,13.3,Intel Pentium Dual Core 4405Y 1.5GHz,4GB,1.29kg,615
Acer,Aspire ES1-523,15.6,AMD A8-Series 7410 2.2GHz,4GB,2.4kg,387
Dell,Inspiron 3552,15.6,Intel Pentium Quad Core N3700 1.6GHz,4GB,2.2kg,393.49
HP,250 G6,15.6,Intel Core i3 6006U 2GHz,4GB,1.86kg,345.99
Asus,Rog GL702VM-GC354T,17.3,Intel Core i7 7700HQ 2.8GHz,8GB,2.7kg,1599
Dell,Inspiron 5370,13.3,Intel Core i5 8250U 1.6GHz,4GB,1.4kg,818.35
HP,Elitebook 820,12.5,Intel Core i5 6200U 2.3GHz,4GB,2.4kg,1599
Acer,Aspire F5-573G,15.6,Intel Core i5 7200U 2.5GHz,8GB,2.4kg,799
Dell,Inspiron 5567,15.6,Intel Core i5 7200U 2.5GHz,8GB,2.36kg,638.8
MSI,GS70 Stealth,17.3,Intel Core i7 6700HQ 2.6GHz,8GB,2.6kg,1599
HP,250 G5,15.6,Intel Pentium Quad Core N3710 1.6GHz,4GB,1.96kg,500
Asus,G752VY-GC162T (i7-6700HQ/16GB/1TB,17.3,Intel Core i7 6700HQ 2.6GHz,16GB,4.3kg,2299
Dell,Latitude E5270,12.5,Intel Core i3 6100U 2.3GHz,4GB,1.5kg,1135.15
Dell,Latitude E5270,12.5,Intel Core i3 6100U 2.3GHz,4GB,1.5kg,1166.97
Acer,Chromebook 15,15.6,Intel Celeron Dual Core 3205U 1.5GHz,4GB,2.20kg,209
HP,ZBook 17,17.3,Intel Core i7 6700HQ 2.6GHz,8GB,3.0kg,2899
Lenovo,Legion Y520-15IKBN,15.6,Intel Core i7 7700HQ 2.8GHz,16GB,2.4kg,1199
Dell,Latitude E5270,12.5,Intel Core i5 6200U 2.3GHz,8GB,1.5kg,1413.1
MSI,GE72 Apache,17.3,Intel Core i7 6700HQ 2.6GHz,8GB,2.9kg,1511.19
Lenovo,Yoga 500-15ISK,15.6,Intel Core i5 6200U 2.3GHz,4GB,2.1kg,867
HP,15-bw011nv (A6-9220/4GB/1TB/FHD/W10),15.6,AMD A6-Series 9220 2.5GHz,4GB,2.1kg,398
Asus,Rog GL552VW-CN470T,15.6,Intel Core i7 6700HQ 2.6GHz,16GB,2.59kg,1339
HP,EliteBook 1030,13.3,Intel Core M 6Y54 1.1GHz,8GB,1.16kg,1699
Dell,Vostro 3559,15.6,Intel Core i5 6200U 2.3GHz,4GB,2.24kg,769.15
Lenovo,V110-15ISK (i3-6006U/4GB/128GB/W10),15.6,Intel Core i3 6006U 2.0GHz,4GB,2.1kg,429
HP,Spectre Pro,13.3,Intel Core i7 6500U 2.5GHz,8GB,1.16kg,1969
Lenovo,Yoga Book,10.1,Intel Atom x5-Z8550 1.44GHz,4GB,0.69kg,549
Dell,XPS 13,13.3,Intel Core i7 7560U 2.4GHz,8GB,1.23kg,1379
Lenovo,IdeaPad Y900-17ISK,17.3,Intel Core i7 6820HK 2.7GHz,16GB,4.6kg,2749.99
Razer,Blade Stealth,12.5,Intel Core i7 6500U 2.5GHz,8GB,1.25kg,1029
Toshiba,Portege X30-D-10K,13.3,Intel Core i7 7500U 2.7GHz,16GB,1.05kg,2226
Asus,Rog GL752VW-T4308T,17.3,Intel Core i7 6700HQ 2.6GHz,8GB,3.52kg,1312.49
Vero,V131 (X5-Z8350/4GB/32GB/FHD/W10),13.3,Intel Atom X5-Z8350 1.44GHz,4GB,1.35kg,196
HP,Spectre Pro,13.3,Intel Core i5 6200U 2.3GHz,8GB,1.16kg,1690
HP,EliteBook 1040,14,Intel Core i5 6200U 2.3GHz,8GB,1.43kg,1513
Dell,Latitude E5570,15.6,Intel Core i5 6200U 2.3GHz,4GB,2.09kg,523.63
Asus,VivoBook Max,15.6,Intel Core i3 7100U 2.4GHz,4GB,2kg,435
Lenovo,ThinkPad Yoga,14,Intel Core i7 6500U 2.5GHz,8GB,1.8kg,1669
Lenovo,Yoga Book,10.1,Intel Atom x5-Z8550 1.44GHz,4GB,0.69kg,479
HP,EliteBook 820,12.5,Intel Core i5 6300U 2.4GHz,8GB,1.26kg,1895
Lenovo,Legion Y520-15IKBN,15.6,Intel Core i5 7300HQ 2.5GHz,8GB,2.4kg,989
HP,Omen -,17.3,Intel Core i5 6300HQ 2.3GHz,8GB,3.35kg,1129
HP,15-bs078cl (i7-7500U/8GB/2TB/W10),15.6,Intel Core i7 7500U 2.7GHz,8GB,2.04kg,629
Lenovo,ThinkPad P40,14,Intel Core i7 6600U 2.6GHz,8GB,1.8kg,2050.38
Asus,L403NA-GA013TS (N3350/4GB/32GB/W10),14,Intel Celeron Dual Core N3350 1.1GHz,4GB,1.5kg,278
HP,250 G6,15.6,Intel Core i7 7500U 2.7GHz,8GB,1.84kg,752
Acer,Aspire E5-576G,15.6,Intel Core i5 7200U 2.5GHz,4GB,2.23kg,616
Lenovo,IdeaPad 500-15ISK,15.6,Intel Core i7 6500U 2.5GHz,16GB,2.5kg,1099
HP,ZBook 17,17.3,Intel Core i7 6700HQ 2.6GHz,8GB,3kg,3949.4
Dell,Inspiron 5567,15.6,Intel Core i5 7200U 2.5GHz,8GB,2.5kg,784
MSI,GT72S Dominator,17.3,Intel Core i7 6820HQ 2.7GHz,16GB,3.78kg,2399
HP,EliteBook 850,15.6,Intel Core i7 6500U 2.5GHz,8GB,1.88kg,2171.72
Lenovo,ThinkPad X1,14,Intel Core i7 6600U 2.6GHz,16GB,2.8kg,2440
MSI,GP62M 7RDX,15.6,Intel Core i7 7700HQ 2.8GHz,8GB,2.4kg,1142.8
HP,Spectre Pro,13.3,Intel Core i5 6300U 2.4GHz,8GB,1.48kg,1629
HP,ZBook 15,15.6,Intel Core i7 6700HQ 2.6GHz,8GB,2.59kg,2229
HP,Spectre Pro,13.3,Intel Core i7 6600U 2.6GHz,8GB,1.48kg,1799
HP,ZBook Studio,15.6,Intel Core i7 6700HQ 2.6GHz,8GB,2.0kg,1899
HP,EliteBook 820,12.5,Intel Core i7 6500U 2.50GHz,8GB,1.26kg,2296.95
Dell,Vostro 5568,15.6,Intel Core i7 7500U 2.7GHz,8GB,2.18kg,1009.9
HP,EliteBook 850,15.6,Intel Core i5 6200U 2.3GHz,8GB,1.88kg,1579
Lenovo,ThinkPad X1,14,Intel Core i7 6500U 2.5GHz,8GB,1.27kg,2339
Lenovo,V110-15ISK (i3-6006U/4GB/1TB/No,15.6,Intel Core i3 6006U 2.0GHz,4GB,1.9kg,339
HP,15-BA015wm (E2-7110/4GB/500GB/W10),15.6,AMD E-Series 7110 1.8GHz,4GB,1.86kg,297
Lenovo,B51-80 (i5-6200U/8GB/1TB/Radeon,15.6,Intel Core i5 6200U 2.3GHz,8GB,2.32kg,599
Dell,Inspiron 7567,15.6,Intel Core i7 7700HQ 2.8GHz,8GB,2.62kg,1199
Dell,XPS 15,15.6,Intel Core i5 6300HQ 2.3GHz,8GB,2.04kg,2250.68
HP,15-bw002nv (A6-9220/4GB/256GB/Radeon,15.6,AMD A6-Series A6-9220 2.5GHz,4GB,1.91kg,478.89
MSI,GP72M 7REX,17.3,Intel Core i7 7700HQ 2.8GHz,16GB,2.7kg,1492.8
Lenovo,ThinkPad T460s,14,Intel Core i7 6600U 2.6GHz,12GB,1.4kg,2299
Lenovo,B51-80 (i5-6200U/8GB/1008GB/Radeon,15.6,Intel Core i5 6200U 2.3GHz,8GB,2.5kg,788.49
HP,Spectre Pro,13.3,Intel Core i7 6600U 2.6GHz,8GB,1.48kg,2041
Lenovo,ThinkPad T460,14,Intel Core i7 6600U 2.6GHz,8GB,1.7kg,1499
MSI,GS40 Phantom,14,Intel Core i7 6700HQ 2.6GHz,16GB,1.7kg,1769
HP,Pavilion 15-cb003nv,15.6,Intel Core i7 7700HQ 2.8GHz,8GB,2.62kg,899
Lenovo,IdeaPad 310-15ISK,15.6,Intel Core i3 6006U 2.0GHz,8GB,2.2kg,459
HP,250 G4,15.6,Intel Core i5 6200U 2.3GHz,4GB,2.1kg,476.99
Dell,Inspiron 7567,15.6,Intel Core i7 7700HQ 2.8GHz,8GB,2.62kg,1498
Lenovo,ThinkPad T570,15.6,Intel Core i5 7200U 2.5GHz,8GB,1.95kg,1390
Lenovo,320-15ISK (i3-6006U/4GB/1TB/GeForce,15.6,Intel Core i3 6006U 2GHz,4GB,2.2kg,468
HP,Stream 14-AX000nv,14,Intel Celeron Dual Core N3060 1.6GHz,2GB,1.44kg,249
MSI,PL60 7RD,15.6,Intel Core i7 7500U 2.7GHz,8GB,2.2kg,839
HP,250 G5,15.6,Intel Core i7 6500U 2.5GHz,8GB,1.96kg,679
HP,ProBook 450,15.6,Intel Core i7 8550U 1.8GHz,16GB,2.1kg,1159
Asus,X553SA-XX021T (N3050/4GB/500GB/W10),15.6,Intel Celeron Dual Core N3050 1.6GHz,4GB,2.2kg,369
Lenovo,V110-15ISK (i5-6200U/4GB/500GB/No,15.6,Intel Core i5 6200U 2.3GHz,4GB,2.1kg,398
Lenovo,IdeaPad 510-15IKB,15.6,Intel Core i7 7500U 2.7GHz,8GB,2.2kg,709
Asus,UX410UA-GV097T (i3-7100U/4GB/256GB/FHD/W10),14,Intel Core i3 7100U 2.4GHz,4GB,2kg,769
Lenovo,B51-80 (i7-6500U/4GB/1008GB/FHD/W7),15.6,Intel Core i7 6500U 2.5GHz,4GB,2.32kg,825
Lenovo,IdeaPad Y700-15ISK,15.6,Intel Core i7 6700HQ 2.6GHz,16GB,3.31kg,1305
MSI,GS60 Ghost,15.6,Intel Core i7 6700HQ 2.6GHz,16GB,1.91kg,2153.37
HP,ProBook 450,15.6,Intel Core i3 6100U 2.3GHz,4GB,2.07kg,650
Lenovo,ThinkPad X1,14,Intel Core i5 6200U 2.3GHz,8GB,1.36kg,1637
Lenovo,IdeaPad 310-15IKB,15.6,Intel Core i7 7500U 2.7GHz,6GB,1.54kg,831
Dell,Vostro 5568,15.6,Intel Core i7 7500U 2.7GHz,8GB,1.98kg,895.01
Acer,Aspire 3,15.6,Intel Celeron Dual Core N3350 2GHz,4GB,2.1kg,333
HP,Pavilion 15-BC000nv,15.6,Intel Core i7 6700HQ 2.6GHz,6GB,2.18kg,799
Asus,Rog GL552VW-DM201T,15.6,Intel Core i7 6700HQ 2.6GHz,8GB,2.591kg,909
Dell,Inspiron 5578,15.6,Intel Core i7 7500U 2.7GHz,16GB,2.09kg,1179
Acer,Aspire E5-576G,15.6,Intel Core i5 7200U 2.5GHz,4GB,2.23kg,691
Dell,XPS 13,13.3,Intel Core i5 6300U 2.4GHz,8GB,1.23kg,1099
Acer,Predator G9-793,17.3,Intel Core i7 7700HQ 2.8GHz,16GB,4.2kg,2599
Lenovo,Legion Y520-15IKBN,15.6,Intel Core i5 7300HQ 2.5GHz,8GB,2.4kg,819
Samsung,Chromebook Plus,12.3,Samsung Cortex A72&A53 2.0GHz,4GB,1.15kg,659
HP,250 G6,15.6,Intel Core i5 7200U 2.5GHz,4GB,1.86kg,485
Apple,"MacBook 12""",12,Intel Core M 1.1GHz,8GB,0.920kg,1163
Dell,Inspiron 7378,13.3,Intel Core i5 7200U 2.5GHz,8GB,1.6kg,1199
HP,Pavilion Power,15.6,Intel Core i7 7700HQ 2.8GHz,12GB,2.21kg,1327
Lenovo,V110-15ISK (i3-6006U/4GB/1TB/Radeon,15.6,Intel Core i3 6006U 2GHz,4GB,1.9kg,368
Asus,Rog G752VY-GC229T,17.3,Intel Core i7 6700HQ 2.6GHz,16GB,4.3kg,2150
Acer,Aspire 3,15.6,Intel Celeron Dual Core N3350 2GHz,4GB,2.1kg,272
MSI,GS73VR 7RF,17.3,Intel Core i7 7700HQ 2.8GHz,16GB,2.43kg,2048.9
Dell,Inspiron 5567,15.6,Intel Core i3 6006U 2.0GHz,4GB,2.3kg,499
Lenovo,IdeaPad 310-15ISK,15.6,Intel Core i7 6500U 2.5GHz,8GB,2.2kg,629
Dell,Inspiron 5579,15.6,Intel Core i7 8550U 1.8GHz,16GB,2kg,1285
Dell,XPS 13,13.3,Intel Core i7 7500U 2.7GHz,16GB,1.2kg,2680
Asus,FX502VM-DM105T (i7-6700HQ/8GB/1TB/GeForce,15.6,Intel Core i7 6700HQ 2.6GHz,8GB,2.2kg,1169
Dell,Inspiron 5567,15.6,Intel Core i5 7200U 2.5GHz,8GB,2.36kg,889
HP,15-bs025nv (i5-7200U/8GB/256GB/W10),15.6,Intel Core i5 7200U 2.5GHz,8GB,1.91kg,579
Lenovo,IdeaPad 320-15AST,15.6,AMD E-Series 9000 2.2GHz,4GB,2.2kg,299
Acer,Aspire E5-774G,17.3,Intel Core i3 6006U 2.0GHz,8GB,3.3kg,629
Asus,Rog Strix,15.6,Intel Core i7 7700HQ 2.8GHz,16GB,2.2kg,2449
Apple,"MacBook 12""",12,Intel Core M 1.2GHz,8GB,0.920kg,1279
Asus,FX502VM-AS73 (i7-7700HQ/16GB/1TB,15.6,Intel Core i7 7700HQ 2.8GHz,16GB,2.2kg,1749
MSI,GS73VR Stealth,17.3,Intel Core i7 6700HQ 2.6GHz,16GB,2.43kg,1948.99
Dell,Inspiron 7579,15.6,Intel Core i5 7200U 2.5GHz,8GB,2.191kg,999
Asus,ROG Strix,17.3,Intel Core i7 7700HQ 2.8GHz,16GB,2.9kg,1949
Acer,C740-C9QX (3205U/2GB/32GB/Chrome,11.6,Intel Celeron Dual Core 3205U 1.5GHz,2GB,1.3kg,174
Acer,E5 774G,17.3,Intel Core i3 6006U 2GHz,4GB,3.3kg,598
Lenovo,IdeaPad 320-17IKB,17.3,Intel Core i5 7200U 2.5GHz,8GB,2.8kg,539
Lenovo,IdeaPad Y700-15ISK,15.6,Intel Core i7 6700HQ 2.6GHz,8GB,2.6kg,1272
Acer,SP714-51 (i7-7Y75/8GB/256GB/FHD/W10),14,Intel Core i7 7Y75 1.3GHz,8GB,1.2kg,1149
Lenovo,Thinkpad T560,15.6,Intel Core i7 6600U 2.6GHz,8GB,2.3kg,1529
MSI,GP62MVR 6RF,15.6,Intel Core i7 6700HQ 2.6GHz,8GB,2.2kg,1476.11
HP,15-bw009nv (A12-9720P/6GB/1TB/Radeon,15.6,AMD A12-Series 9720P 2.7GHz,6GB,2.1kg,529
Dell,Latitude E7270,12.5,Intel Core i5 6300U 2.4GHz,8GB,1.26kg,1713.37
Dell,Inspiron 5578,15,Intel Core i3 7100U 2.4GHz,4GB,2.08kg,509
Asus,X540SA-RBPDN09 (N3710/4GB/1TB/W10),15.6,Intel Pentium Quad Core N3710 1.6GHz,4GB,2.65kg,309
Dell,XPS 13,13.3,Intel Core i7 7500U 2.7GHz,8GB,1.29kg,1477
Dell,Vostro 3568,15.6,Intel Core i5 7200U 2.5GHz,4GB,2.18kg,521.86
Lenovo,IdeaPad Y700-15ISK,15.6,Intel Core i7 6700HQ 2.6GHz,16GB,2.6kg,1029
MSI,GL62M 7RDX,15.6,Intel Core i7 7700HQ 2.8GHz,8GB,2.2kg,1149
Lenovo,ThinkPad Yoga,12.5,Intel Core i7 6500U 2.50GHz,16GB,1.3kg,1650
Razer,Blade Pro,14,Intel Core i7 7700HQ 2.8GHz,16GB,1.95kg,3499
Dell,Inspiron 3567,15.6,Intel Core i3 7100U 2.4GHz,8GB,2.3kg,469.01
MSI,GE72VR Apache,17.3,Intel Core i7 7700HQ 2.8GHz,16GB,2.7kg,1598
Apple,MacBook Air,11.6,Intel Core i5 1.6GHz,4GB,1.08kg,959
HP,15-bs023nv (i3-6006U/4GB/1TB/FHD/W10),15.6,Intel Core i3 6006U 2GHz,4GB,2.1kg,478
HP,EliteBook 840,14,Intel Core i7 6500U 2.5GHz,8GB,1.54kg,2198.19
Dell,Vostro 3559,15.6,Intel Core i5 6200U 2.3GHz,4GB,2.24kg,737
MSI,GL62 6QF,15.6,Intel Core i7 6700HQ 2.6GHz,8GB,2.3kg,1169
Lenovo,ThinkPad 13,13.3,Intel Core i7 7500U 2.7GHz,16GB,1.4kg,1499
Lenovo,IdeaPad 320-15ABR,15.6,AMD A12-Series 9720P 3.6GHz,6GB,2.2kg,597.57
Asus,ZenBook UX310UA-WB71,13.3,Intel Core i7 6500U 2.5GHz,8GB,1.45kg,1280
Acer,Aspire ES1-572,15.6,Intel Core i3 6006U 2.0GHz,4GB,2.4kg,361.8
Dell,Inspiron 7779,17.3,Intel Core i7 7500U 2.7GHz,16GB,2.77kg,1799
HP,EliteBook 840,14,Intel Core i5 6200U 2.3GHz,4GB,1.54kg,1099.99
Asus,Rog GL553VE-FY052T,15.6,Intel Core i7 7700HQ 2.8GHz,16GB,2.5kg,1600
Dell,Latitude 5480,14,Intel Core i5 7200U 2.5GHz,4GB,1.6kg,875
Asus,Rog GL502VS,15.6,Intel Core i7 6700HQ 2.6GHz,16GB,2.34kg,2325
Lenovo,V510-15IKB (i5-7200U/8GB/256GB/FHD/No,15.6,Intel Core i5 7200U 2.5GHz,8GB,2.3kg,573
Dell,XPS 13,13.3,Intel Core i5 7Y54 1.2GHz,8GB,1.24kg,1813
Dell,Inspiron 3552,15.6,Intel Pentium Quad Core N3710 1.6GHz,4GB,2.2kg,324
HP,255 G6,15.6,AMD A6-Series 9220 2.5GHz,4GB,1.86kg,399
Lenovo,IdeaPad 310-15ISK,15.6,Intel Core i3 6100U 2.3GHz,6GB,2.4kg,569
Lenovo,ThinkPad L460,14,Intel Core i5 6200U 2.3GHz,8GB,1.9kg,1072
Dell,Inspiron 3552,15.6,Intel Pentium Quad Core N3700 1.6GHz,4GB,2.2kg,443.99
Asus,X541NA-GO020T (N3350/4GB/1TB/W10),15.6,Intel Celeron Dual Core N3350 1.1GHz,4GB,2kg,339
Asus,Rog G752VT-GC073T,17.3,Intel Core i7 6700HQ 2.6GHz,16GB,4.0kg,1900
Dell,Vostro 3568,15.6,Intel Core i3 6006U 2GHz,4GB,2.29kg,490
Lenovo,B51-80 (i7-6500U/8GB/1008GB/Radeon,15.6,Intel Core i7 6500U 2.5GHz,8GB,2.32kg,895
MSI,GE62 Apache,15.6,Intel Core i7 6700HQ 2.6GHz,8GB,2.4kg,1229
Lenovo,Yoga 500-14IBD,14,Intel Core i5 6200U 2.3GHz,4GB,1.8kg,833.01
Asus,ZenBook UX305CA-UBM1,13.3,Intel Core M 6Y30 0.9GHz,8GB,1.2kg,729
Dell,Inspiron 3567,15.6,Intel Core i3 7100U 2.4GHz,6GB,2.3kg,459
Acer,Aspire ES1-531,15.6,Intel Celeron Dual Core N3060 1.6GHz,4GB,2.4kg,289
Dell,Inspiron 3552,15.6,Intel Celeron Dual Core N3050 1.6GHz,2GB,2.20kg,379
Lenovo,IdeaPad Y700-15ISK,15.6,Intel Core i7 6700HQ 2.6GHz,8GB,2.6kg,899
HP,Pavilion 15-AW003nv,15.6,AMD A9-Series 9410 2.9GHz,6GB,2.04kg,549.99
Dell,Inspiron 3567,15.6,Intel Core i7 7500U 2.7GHz,8GB,2.3kg,805.99
HP,Stream 11-Y000na,11.6,Intel Celeron Dual Core N3060 1.6GHz,2GB,1.17kg,209
Asus,X556UJ-XO044T (i7-6500U/4GB/500GB/GeForce,15.6,Intel Core i7 6500U 2.5GHz,4GB,2.2kg,720.32
Lenovo,Yoga 500-14ISK,14,Intel Core i7 6500U 2.5GHz,4GB,1.8kg,638
Lenovo,Yoga 900-13ISK,13.3,Intel Core i7 6500U 2.5GHz,16GB,1.3kg,1499
Lenovo,IdeaPad 100S-14IBR,14,Intel Celeron Dual Core N3050 1.6GHz,2GB,1.5kg,229
HP,15-AC110nv (i7-6500U/6GB/1TB/Radeon,15.6,Intel Core i7 6500U 2.5GHz,6GB,2.19kg,764
Asus,X553SA-XX031T (N3050/4GB/500GB/W10),15.6,Intel Celeron Dual Core N3050 1.6GHz,4GB,2.2kg,369
Asus,ZenBook UX305CA-UBM1,13.3,Intel Core M 6Y30 0.9GHz,8GB,1.2kg,729
Dell,Inspiron 3567,15.6,Intel Core i3 7100U 2.4GHz,6GB,2.3kg,459
Acer,Aspire ES1-531,15.6,Intel Celeron Dual Core N3060 1.6GHz,4GB,2.4kg,289
Dell,Inspiron 3552,15.6,Intel Celeron Dual Core N3050 1.6GHz,2GB,2.20kg,379
Lenovo,IdeaPad Y700-15ISK,15.6,Intel Core i7 6700HQ 2.6GHz,8GB,2.6kg,899
HP,Pavilion 15-AW003nv,15.6,AMD A9-Series 9410 2.9GHz,6GB,2.04kg,549.99
Dell,Inspiron 3567,15.6,Intel Core i7 7500U 2.7GHz,8GB,2.3kg,805.99
HP,Stream 11-Y000na,11.6,Intel Celeron Dual Core N3060 1.6GHz,2GB,1.17kg,209
Asus,X556UJ-XO044T (i7-6500U/4GB/500GB/GeForce,15.6,Intel Core i7 6500U 2.5GHz,4GB,2.2kg,720.32
Lenovo,Yoga 500-14ISK,14,Intel Core i7 6500U 2.5GHz,4GB,1.8kg,638
Lenovo,Yoga 900-13ISK,13.3,Intel Core i7 6500U 2.5GHz,16GB,1.3kg,1499
Lenovo,IdeaPad 100S-14IBR,14,Intel Celeron Dual Core N3050 1.6GHz,2GB,1.5kg,229
HP,15-AC110nv (i7-6500U/6GB/1TB/Radeon,15.6,Intel Core i7 6500U 2.5GHz,6GB,2.19kg,764
Asus,X553SA-XX031T (N3050/4GB/500GB/W10),15.6,Intel Celeron Dual Core N3050 1.6GHz,4GB,2.2kg,369
Asus,ZenBook UX305CA-UBM1,13.3,Intel Core M 6Y30 0.9GHz,8GB,1.2kg,729
Dell,Inspiron 3567,15.6,Intel Core i3 7100U 2.4GHz,6GB,2.3kg,459
Acer,Aspire ES1-531,15.6,Intel Celeron Dual Core N3060 1.6GHz,4GB,2.4kg,289
Dell,Inspiron 3552,15.6,Intel Celeron Dual Core N3050 1.6GHz,2GB,2.20kg,379
Lenovo,IdeaPad Y700-15ISK,15.6,Intel Core i7 6700HQ 2.6GHz,8GB,2.6kg,899
HP,Pavilion 15-AW003nv,15.6,AMD A9-Series 9410 2.9GHz,6GB,2.04kg,549.99
Dell,Inspiron 3567,15.6,Intel Core i7 7500U 2.7GHz,8GB,2.3kg,805.99
HP,Stream 11-Y000na,11.6,Intel Celeron Dual Core N3060 1.6GHz,2GB,1.17kg,209
Asus,X556UJ-XO044T (i7-6500U/4GB/500GB/GeForce,15.6,Intel Core i7 6500U 2.5GHz,4GB,2.2kg,720.32
Lenovo,Yoga 500-14ISK,14,Intel Core i7 6500U 2.5GHz,4GB,1.8kg,638
Lenovo,Yoga 900-13ISK,13.3,Intel Core i7 6500U 2.5GHz,16GB,1.3kg,1499
Lenovo,IdeaPad 100S-14IBR,14,Intel Celeron Dual Core N3050 1.6GHz,2GB,1.5kg,229
HP,15-AC110nv (i7-6500U/6GB/1TB/Radeon,15.6,Intel Core i7 6500U 2.5GHz,6GB,2.19kg,764
Asus,X553SA-XX031T (N3050/4GB/500GB/W10),15.6,Intel Celeron Dual Core N3050 1.6GHz,4GB,2.2kg,369
